   Compiling durable-streams v0.1.0 (/home/user/workspace/repo/experiments/electric-replication/engine)
warning: type `handlers::SseEncoding` is more private than the item `SseReg::encoding`
    --> src/api.rs:47:5
     |
  47 |     pub encoding: crate::handlers::SseEncoding,
     |     ^^^^^^^^^^^^^^^^^^^^^^^^^^^^^^^^^^^^^^^^^^ field `SseReg::encoding` is reachable at visibility `pub`
     |
note: but type `handlers::SseEncoding` is only usable at visibility `pub(crate)`
    --> src/handlers.rs:1828:1
     |
1828 | pub(crate) enum SseEncoding {
     | ^^^^^^^^^^^^^^^^^^^^^^^^^^^
     = note: `#[warn(private_interfaces)]` on by default

warning: `durable-streams` (bin "durable-streams-server" test) generated 1 warning
    Finished `test` profile [unoptimized + debuginfo] target(s) in 10.28s
     Running unittests src/main.rs (experiments/electric-replication/engine/target/debug/deps/durable_streams_server-b533bf90f3b40820)

running 1 test
test replication::journal::tests::snapshot_captures_fresh_metadata_without_rewriting_disposable_sidecars ... FAILED

failures:

---- replication::journal::tests::snapshot_captures_fresh_metadata_without_rewriting_disposable_sidecars stdout ----

thread 'replication::journal::tests::snapshot_captures_fresh_metadata_without_rewriting_disposable_sidecars' (3551781) panicked at src/replication/journal.rs:1064:17:
assertion `left == right` failed: archive creation must not rewrite disposable sidecars
  left: [123, 34, 105, 100, 34, 58, 48, 44, 34, 112, 97, 116, 104, 34, 58, 34, 47, 102, 114, 101, 115, 104, 34, 44, 34, 99, 111, 110, 116, 101, 110, 116, 95, 116, 121, 112, 101, 34, 58, 34, 97, 112, 112, 108, 105, 99, 97, 116, 105, 111, 110, 47, 111, 99, 116, 101, 116, 45, 115, 116, 114, 101, 97, 109, 34, 44, 34, 116, 116, 108, 95, 115, 101, 99, 111, 110, 100, 115, 34, 58, 49, 44, 34, 101, 120, 112, 105, 114, 101, 115, 95, 97, 116, 95, 117, 110, 105, 120, 34, 58, 110, 117, 108, 108, 44, 34, 101, 120, 112, 105, 114, 101, 115, 95, 97, 116, 95, 114, 97, 119, 34, 58, 110, 117, 108, 108, 44, 34, 99, 114, 101, 97, 116, 101, 95, 99, 108, 111, 115, 101, 100, 34, 58, 102, 97, 108, 115, 101, 44, 34, 102, 111, 114, 107, 101, 100, 95, 102, 114, 111, 109, 34, 58, 110, 117, 108, 108, 44, 34, 102, 111, 114, 107, 95, 111, 102, 102, 115, 101, 116, 95, 114, 97, 119, 34, 58, 110, 117, 108, 108, 44, 34, 102, 111, 114, 107, 95, 115, 117, 98, 95, 111, 102, 102, 115, 101, 116, 34, 58, 110, 117, 108, 108, 44, 34, 98, 97, 115, 101, 95, 111, 102, 102, 115, 101, 116, 34, 58, 48, 44, 34, 99, 108, 111, 115, 101, 100, 34, 58, 102, 97, 108, 115, 101, 44, 34, 99, 108, 111, 115, 101, 100, 95, 98, 121, 34, 58, 110, 117, 108, 108, 44, 34, 112, 114, 111, 100, 117, 99, 101, 114, 115, 34, 58, 123, 34, 115, 110, 97, 112, 115, 104, 111, 116, 45, 112, 34, 58, 123, 34, 101, 112, 111, 99, 104, 34, 58, 55, 44, 34, 108, 97, 115, 116, 95, 115, 101, 113, 34, 58, 52, 125, 125, 44, 34, 108, 97, 115, 116, 95, 115, 101, 113, 95, 104, 101, 97, 100, 101, 114, 34, 58, 110, 117, 108, 108, 44, 34, 108, 97, 115, 116, 95, 97, 99, 99, 101, 115, 115, 95, 117, 110, 105, 120, 34, 58, 49, 44, 34, 108, 97, 115, 116, 95, 97, 99, 99, 101, 115, 115, 95, 109, 105, 108, 108, 105, 115, 34, 58, 49, 49, 52, 48, 44, 34, 101, 120, 112, 105, 114, 101, 115, 95, 97, 116, 95, 109, 105, 108, 108, 105, 115, 34, 58, 110, 117, 108, 108, 44, 34, 114, 101, 102, 95, 99, 111, 117, 110, 116, 34, 58, 48, 44, 34, 115, 111, 102, 116, 95, 100, 101, 108, 101, 116, 101, 100, 34, 58, 102, 97, 108, 115, 101, 44, 34, 115, 101, 103, 109, 101, 110, 116, 115, 34, 58, 91, 93, 44, 34, 115, 101, 97, 108, 101, 100, 95, 111, 102, 102, 115, 101, 116, 34, 58, 48, 44, 34, 102, 105, 108, 101, 95, 98, 97, 115, 101, 34, 58, 48, 44, 34, 112, 101, 110, 100, 105, 110, 103, 95, 99, 111, 109, 112, 97, 99, 116, 105, 111, 110, 34, 58, 110, 117, 108, 108, 44, 34, 100, 117, 114, 97, 98, 108, 101, 95, 116, 97, 105, 108, 34, 58, 57, 48, 125]
 right: [123, 34, 105, 100, 34, 58, 48, 44, 34, 112, 97, 116, 104, 34, 58, 34, 47, 102, 114, 101, 115, 104, 34, 44, 34, 99, 111, 110, 116, 101, 110, 116, 95, 116, 121, 112, 101, 34, 58, 34, 97, 112, 112, 108, 105, 99, 97, 116, 105, 111, 110, 47, 111, 99, 116, 101, 116, 45, 115, 116, 114, 101, 97, 109, 34, 44, 34, 116, 116, 108, 95, 115, 101, 99, 111, 110, 100, 115, 34, 58, 49, 44, 34, 101, 120, 112, 105, 114, 101, 115, 95, 97, 116, 95, 117, 110, 105, 120, 34, 58, 110, 117, 108, 108, 44, 34, 101, 120, 112, 105, 114, 101, 115, 95, 97, 116, 95, 114, 97, 119, 34, 58, 110, 117, 108, 108, 44, 34, 99, 114, 101, 97, 116, 101, 95, 99, 108, 111, 115, 101, 100, 34, 58, 102, 97, 108, 115, 101, 44, 34, 102, 111, 114, 107, 101, 100, 95, 102, 114, 111, 109, 34, 58, 110, 117, 108, 108, 44, 34, 102, 111, 114, 107, 95, 111, 102, 102, 115, 101, 116, 95, 114, 97, 119, 34, 58, 110, 117, 108, 108, 44, 34, 102, 111, 114, 107, 95, 115, 117, 98, 95, 111, 102, 102, 115, 101, 116, 34, 58, 110, 117, 108, 108, 44, 34, 98, 97, 115, 101, 95, 111, 102, 102, 115, 101, 116, 34, 58, 48, 44, 34, 99, 108, 111, 115, 101, 100, 34, 58, 102, 97, 108, 115, 101, 44, 34, 99, 108, 111, 115, 101, 100, 95, 98, 121, 34, 58, 110, 117, 108, 108, 44, 34, 112, 114, 111, 100, 117, 99, 101, 114, 115, 34, 58, 123, 125, 44, 34, 108, 97, 115, 116, 95, 115, 101, 113, 95, 104, 101, 97, 100, 101, 114, 34, 58, 110, 117, 108, 108, 44, 34, 108, 97, 115, 116, 95, 97, 99, 99, 101, 115, 115, 95, 117, 110, 105, 120, 34, 58, 49, 44, 34, 108, 97, 115, 116, 95, 97, 99, 99, 101, 115, 115, 95, 109, 105, 108, 108, 105, 115, 34, 58, 49, 48, 57, 48, 44, 34, 101, 120, 112, 105, 114, 101, 115, 95, 97, 116, 95, 109, 105, 108, 108, 105, 115, 34, 58, 110, 117, 108, 108, 44, 34, 114, 101, 102, 95, 99, 111, 117, 110, 116, 34, 58, 48, 44, 34, 115, 111, 102, 116, 95, 100, 101, 108, 101, 116, 101, 100, 34, 58, 102, 97, 108, 115, 101, 44, 34, 115, 101, 103, 109, 101, 110, 116, 115, 34, 58, 91, 93, 44, 34, 115, 101, 97, 108, 101, 100, 95, 111, 102, 102, 115, 101, 116, 34, 58, 48, 44, 34, 102, 105, 108, 101, 95, 98, 97, 115, 101, 34, 58, 48, 44, 34, 112, 101, 110, 100, 105, 110, 103, 95, 99, 111, 109, 112, 97, 99, 116, 105, 111, 110, 34, 58, 110, 117, 108, 108, 44, 34, 100, 117, 114, 97, 98, 108, 101, 95, 116, 97, 105, 108, 34, 58, 48, 125]
note: run with `RUST_BACKTRACE=1` environment variable to display a backtrace

thread 'replication::journal::tests::snapshot_captures_fresh_metadata_without_rewriting_disposable_sidecars' (3551781) panicked at src/replication/journal.rs:1064:17:
assertion `left == right` failed: archive creation must not rewrite disposable sidecars
  left: [123, 34, 105, 100, 34, 58, 48, 44, 34, 112, 97, 116, 104, 34, 58, 34, 47, 102, 114, 101, 115, 104, 34, 44, 34, 99, 111, 110, 116, 101, 110, 116, 95, 116, 121, 112, 101, 34, 58, 34, 97, 112, 112, 108, 105, 99, 97, 116, 105, 111, 110, 47, 111, 99, 116, 101, 116, 45, 115, 116, 114, 101, 97, 109, 34, 44, 34, 116, 116, 108, 95, 115, 101, 99, 111, 110, 100, 115, 34, 58, 49, 44, 34, 101, 120, 112, 105, 114, 101, 115, 95, 97, 116, 95, 117, 110, 105, 120, 34, 58, 110, 117, 108, 108, 44, 34, 101, 120, 112, 105, 114, 101, 115, 95, 97, 116, 95, 114, 97, 119, 34, 58, 110, 117, 108, 108, 44, 34, 99, 114, 101, 97, 116, 101, 95, 99, 108, 111, 115, 101, 100, 34, 58, 102, 97, 108, 115, 101, 44, 34, 102, 111, 114, 107, 101, 100, 95, 102, 114, 111, 109, 34, 58, 110, 117, 108, 108, 44, 34, 102, 111, 114, 107, 95, 111, 102, 102, 115, 101, 116, 95, 114, 97, 119, 34, 58, 110, 117, 108, 108, 44, 34, 102, 111, 114, 107, 95, 115, 117, 98, 95, 111, 102, 102, 115, 101, 116, 34, 58, 110, 117, 108, 108, 44, 34, 98, 97, 115, 101, 95, 111, 102, 102, 115, 101, 116, 34, 58, 48, 44, 34, 99, 108, 111, 115, 101, 100, 34, 58, 102, 97, 108, 115, 101, 44, 34, 99, 108, 111, 115, 101, 100, 95, 98, 121, 34, 58, 110, 117, 108, 108, 44, 34, 112, 114, 111, 100, 117, 99, 101, 114, 115, 34, 58, 123, 34, 115, 110, 97, 112, 115, 104, 111, 116, 45, 112, 34, 58, 123, 34, 101, 112, 111, 99, 104, 34, 58, 55, 44, 34, 108, 97, 115, 116, 95, 115, 101, 113, 34, 58, 51, 125, 125, 44, 34, 108, 97, 115, 116, 95, 115, 101, 113, 95, 104, 101, 97, 100, 101, 114, 34, 58, 110, 117, 108, 108, 44, 34, 108, 97, 115, 116, 95, 97, 99, 99, 101, 115, 115, 95, 117, 110, 105, 120, 34, 58, 49, 44, 34, 108, 97, 115, 116, 95, 97, 99, 99, 101, 115, 115, 95, 109, 105, 108, 108, 105, 115, 34, 58, 49, 49, 51, 48, 44, 34, 101, 120, 112, 105, 114, 101, 115, 95, 97, 116, 95, 109, 105, 108, 108, 105, 115, 34, 58, 110, 117, 108, 108, 44, 34, 114, 101, 102, 95, 99, 111, 117, 110, 116, 34, 58, 48, 44, 34, 115, 111, 102, 116, 95, 100, 101, 108, 101, 116, 101, 100, 34, 58, 102, 97, 108, 115, 101, 44, 34, 115, 101, 103, 109, 101, 110, 116, 115, 34, 58, 91, 93, 44, 34, 115, 101, 97, 108, 101, 100, 95, 111, 102, 102, 115, 101, 116, 34, 58, 48, 44, 34, 102, 105, 108, 101, 95, 98, 97, 115, 101, 34, 58, 48, 44, 34, 112, 101, 110, 100, 105, 110, 103, 95, 99, 111, 109, 112, 97, 99, 116, 105, 111, 110, 34, 58, 110, 117, 108, 108, 44, 34, 100, 117, 114, 97, 98, 108, 101, 95, 116, 97, 105, 108, 34, 58, 54, 51, 125]
 right: [123, 34, 105, 100, 34, 58, 48, 44, 34, 112, 97, 116, 104, 34, 58, 34, 47, 102, 114, 101, 115, 104, 34, 44, 34, 99, 111, 110, 116, 101, 110, 116, 95, 116, 121, 112, 101, 34, 58, 34, 97, 112, 112, 108, 105, 99, 97, 116, 105, 111, 110, 47, 111, 99, 116, 101, 116, 45, 115, 116, 114, 101, 97, 109, 34, 44, 34, 116, 116, 108, 95, 115, 101, 99, 111, 110, 100, 115, 34, 58, 49, 44, 34, 101, 120, 112, 105, 114, 101, 115, 95, 97, 116, 95, 117, 110, 105, 120, 34, 58, 110, 117, 108, 108, 44, 34, 101, 120, 112, 105, 114, 101, 115, 95, 97, 116, 95, 114, 97, 119, 34, 58, 110, 117, 108, 108, 44, 34, 99, 114, 101, 97, 116, 101, 95, 99, 108, 111, 115, 101, 100, 34, 58, 102, 97, 108, 115, 101, 44, 34, 102, 111, 114, 107, 101, 100, 95, 102, 114, 111, 109, 34, 58, 110, 117, 108, 108, 44, 34, 102, 111, 114, 107, 95, 111, 102, 102, 115, 101, 116, 95, 114, 97, 119, 34, 58, 110, 117, 108, 108, 44, 34, 102, 111, 114, 107, 95, 115, 117, 98, 95, 111, 102, 102, 115, 101, 116, 34, 58, 110, 117, 108, 108, 44, 34, 98, 97, 115, 101, 95, 111, 102, 102, 115, 101, 116, 34, 58, 48, 44, 34, 99, 108, 111, 115, 101, 100, 34, 58, 102, 97, 108, 115, 101, 44, 34, 99, 108, 111, 115, 101, 100, 95, 98, 121, 34, 58, 110, 117, 108, 108, 44, 34, 112, 114, 111, 100, 117, 99, 101, 114, 115, 34, 58, 123, 125, 44, 34, 108, 97, 115, 116, 95, 115, 101, 113, 95, 104, 101, 97, 100, 101, 114, 34, 58, 110, 117, 108, 108, 44, 34, 108, 97, 115, 116, 95, 97, 99, 99, 101, 115, 115, 95, 117, 110, 105, 120, 34, 58, 49, 44, 34, 108, 97, 115, 116, 95, 97, 99, 99, 101, 115, 115, 95, 109, 105, 108, 108, 105, 115, 34, 58, 49, 48, 57, 48, 44, 34, 101, 120, 112, 105, 114, 101, 115, 95, 97, 116, 95, 109, 105, 108, 108, 105, 115, 34, 58, 110, 117, 108, 108, 44, 34, 114, 101, 102, 95, 99, 111, 117, 110, 116, 34, 58, 48, 44, 34, 115, 111, 102, 116, 95, 100, 101, 108, 101, 116, 101, 100, 34, 58, 102, 97, 108, 115, 101, 44, 34, 115, 101, 103, 109, 101, 110, 116, 115, 34, 58, 91, 93, 44, 34, 115, 101, 97, 108, 101, 100, 95, 111, 102, 102, 115, 101, 116, 34, 58, 48, 44, 34, 102, 105, 108, 101, 95, 98, 97, 115, 101, 34, 58, 48, 44, 34, 112, 101, 110, 100, 105, 110, 103, 95, 99, 111, 109, 112, 97, 99, 116, 105, 111, 110, 34, 58, 110, 117, 108, 108, 44, 34, 100, 117, 114, 97, 98, 108, 101, 95, 116, 97, 105, 108, 34, 58, 48, 125]

thread 'replication::journal::tests::snapshot_captures_fresh_metadata_without_rewriting_disposable_sidecars' (3551781) panicked at src/replication/journal.rs:1064:17:
assertion `left == right` failed: archive creation must not rewrite disposable sidecars
  left: [123, 34, 105, 100, 34, 58, 48, 44, 34, 112, 97, 116, 104, 34, 58, 34, 47, 102, 114, 101, 115, 104, 34, 44, 34, 99, 111, 110, 116, 101, 110, 116, 95, 116, 121, 112, 101, 34, 58, 34, 97, 112, 112, 108, 105, 99, 97, 116, 105, 111, 110, 47, 111, 99, 116, 101, 116, 45, 115, 116, 114, 101, 97, 109, 34, 44, 34, 116, 116, 108, 95, 115, 101, 99, 111, 110, 100, 115, 34, 58, 49, 44, 34, 101, 120, 112, 105, 114, 101, 115, 95, 97, 116, 95, 117, 110, 105, 120, 34, 58, 110, 117, 108, 108, 44, 34, 101, 120, 112, 105, 114, 101, 115, 95, 97, 116, 95, 114, 97, 119, 34, 58, 110, 117, 108, 108, 44, 34, 99, 114, 101, 97, 116, 101, 95, 99, 108, 111, 115, 101, 100, 34, 58, 102, 97, 108, 115, 101, 44, 34, 102, 111, 114, 107, 101, 100, 95, 102, 114, 111, 109, 34, 58, 110, 117, 108, 108, 44, 34, 102, 111, 114, 107, 95, 111, 102, 102, 115, 101, 116, 95, 114, 97, 119, 34, 58, 110, 117, 108, 108, 44, 34, 102, 111, 114, 107, 95, 115, 117, 98, 95, 111, 102, 102, 115, 101, 116, 34, 58, 110, 117, 108, 108, 44, 34, 98, 97, 115, 101, 95, 111, 102, 102, 115, 101, 116, 34, 58, 48, 44, 34, 99, 108, 111, 115, 101, 100, 34, 58, 102, 97, 108, 115, 101, 44, 34, 99, 108, 111, 115, 101, 100, 95, 98, 121, 34, 58, 110, 117, 108, 108, 44, 34, 112, 114, 111, 100, 117, 99, 101, 114, 115, 34, 58, 123, 34, 115, 110, 97, 112, 115, 104, 111, 116, 45, 112, 34, 58, 123, 34, 101, 112, 111, 99, 104, 34, 58, 55, 44, 34, 108, 97, 115, 116, 95, 115, 101, 113, 34, 58, 50, 125, 125, 44, 34, 108, 97, 115, 116, 95, 115, 101, 113, 95, 104, 101, 97, 100, 101, 114, 34, 58, 110, 117, 108, 108, 44, 34, 108, 97, 115, 116, 95, 97, 99, 99, 101, 115, 115, 95, 117, 110, 105, 120, 34, 58, 49, 44, 34, 108, 97, 115, 116, 95, 97, 99, 99, 101, 115, 115, 95, 109, 105, 108, 108, 105, 115, 34, 58, 49, 49, 50, 48, 44, 34, 101, 120, 112, 105, 114, 101, 115, 95, 97, 116, 95, 109, 105, 108, 108, 105, 115, 34, 58, 110, 117, 108, 108, 44, 34, 114, 101, 102, 95, 99, 111, 117, 110, 116, 34, 58, 48, 44, 34, 115, 111, 102, 116, 95, 100, 101, 108, 101, 116, 101, 100, 34, 58, 102, 97, 108, 115, 101, 44, 34, 115, 101, 103, 109, 101, 110, 116, 115, 34, 58, 91, 93, 44, 34, 115, 101, 97, 108, 101, 100, 95, 111, 102, 102, 115, 101, 116, 34, 58, 48, 44, 34, 102, 105, 108, 101, 95, 98, 97, 115, 101, 34, 58, 48, 44, 34, 112, 101, 110, 100, 105, 110, 103, 95, 99, 111, 109, 112, 97, 99, 116, 105, 111, 110, 34, 58, 110, 117, 108, 108, 44, 34, 100, 117, 114, 97, 98, 108, 101, 95, 116, 97, 105, 108, 34, 58, 54, 50, 125]
 right: [123, 34, 105, 100, 34, 58, 48, 44, 34, 112, 97, 116, 104, 34, 58, 34, 47, 102, 114, 101, 115, 104, 34, 44, 34, 99, 111, 110, 116, 101, 110, 116, 95, 116, 121, 112, 101, 34, 58, 34, 97, 112, 112, 108, 105, 99, 97, 116, 105, 111, 110, 47, 111, 99, 116, 101, 116, 45, 115, 116, 114, 101, 97, 109, 34, 44, 34, 116, 116, 108, 95, 115, 101, 99, 111, 110, 100, 115, 34, 58, 49, 44, 34, 101, 120, 112, 105, 114, 101, 115, 95, 97, 116, 95, 117, 110, 105, 120, 34, 58, 110, 117, 108, 108, 44, 34, 101, 120, 112, 105, 114, 101, 115, 95, 97, 116, 95, 114, 97, 119, 34, 58, 110, 117, 108, 108, 44, 34, 99, 114, 101, 97, 116, 101, 95, 99, 108, 111, 115, 101, 100, 34, 58, 102, 97, 108, 115, 101, 44, 34, 102, 111, 114, 107, 101, 100, 95, 102, 114, 111, 109, 34, 58, 110, 117, 108, 108, 44, 34, 102, 111, 114, 107, 95, 111, 102, 102, 115, 101, 116, 95, 114, 97, 119, 34, 58, 110, 117, 108, 108, 44, 34, 102, 111, 114, 107, 95, 115, 117, 98, 95, 111, 102, 102, 115, 101, 116, 34, 58, 110, 117, 108, 108, 44, 34, 98, 97, 115, 101, 95, 111, 102, 102, 115, 101, 116, 34, 58, 48, 44, 34, 99, 108, 111, 115, 101, 100, 34, 58, 102, 97, 108, 115, 101, 44, 34, 99, 108, 111, 115, 101, 100, 95, 98, 121, 34, 58, 110, 117, 108, 108, 44, 34, 112, 114, 111, 100, 117, 99, 101, 114, 115, 34, 58, 123, 125, 44, 34, 108, 97, 115, 116, 95, 115, 101, 113, 95, 104, 101, 97, 100, 101, 114, 34, 58, 110, 117, 108, 108, 44, 34, 108, 97, 115, 116, 95, 97, 99, 99, 101, 115, 115, 95, 117, 110, 105, 120, 34, 58, 49, 44, 34, 108, 97, 115, 116, 95, 97, 99, 99, 101, 115, 115, 95, 109, 105, 108, 108, 105, 115, 34, 58, 49, 48, 57, 48, 44, 34, 101, 120, 112, 105, 114, 101, 115, 95, 97, 116, 95, 109, 105, 108, 108, 105, 115, 34, 58, 110, 117, 108, 108, 44, 34, 114, 101, 102, 95, 99, 111, 117, 110, 116, 34, 58, 48, 44, 34, 115, 111, 102, 116, 95, 100, 101, 108, 101, 116, 101, 100, 34, 58, 102, 97, 108, 115, 101, 44, 34, 115, 101, 103, 109, 101, 110, 116, 115, 34, 58, 91, 93, 44, 34, 115, 101, 97, 108, 101, 100, 95, 111, 102, 102, 115, 101, 116, 34, 58, 48, 44, 34, 102, 105, 108, 101, 95, 98, 97, 115, 101, 34, 58, 48, 44, 34, 112, 101, 110, 100, 105, 110, 103, 95, 99, 111, 109, 112, 97, 99, 116, 105, 111, 110, 34, 58, 110, 117, 108, 108, 44, 34, 100, 117, 114, 97, 98, 108, 101, 95, 116, 97, 105, 108, 34, 58, 48, 125]

thread 'replication::journal::tests::snapshot_captures_fresh_metadata_without_rewriting_disposable_sidecars' (3551781) panicked at src/replication/journal.rs:1064:17:
assertion `left == right` failed: archive creation must not rewrite disposable sidecars
  left: [123, 34, 105, 100, 34, 58, 48, 44, 34, 112, 97, 116, 104, 34, 58, 34, 47, 102, 114, 101, 115, 104, 34, 44, 34, 99, 111, 110, 116, 101, 110, 116, 95, 116, 121, 112, 101, 34, 58, 34, 97, 112, 112, 108, 105, 99, 97, 116, 105, 111, 110, 47, 111, 99, 116, 101, 116, 45, 115, 116, 114, 101, 97, 109, 34, 44, 34, 116, 116, 108, 95, 115, 101, 99, 111, 110, 100, 115, 34, 58, 49, 44, 34, 101, 120, 112, 105, 114, 101, 115, 95, 97, 116, 95, 117, 110, 105, 120, 34, 58, 110, 117, 108, 108, 44, 34, 101, 120, 112, 105, 114, 101, 115, 95, 97, 116, 95, 114, 97, 119, 34, 58, 110, 117, 108, 108, 44, 34, 99, 114, 101, 97, 116, 101, 95, 99, 108, 111, 115, 101, 100, 34, 58, 102, 97, 108, 115, 101, 44, 34, 102, 111, 114, 107, 101, 100, 95, 102, 114, 111, 109, 34, 58, 110, 117, 108, 108, 44, 34, 102, 111, 114, 107, 95, 111, 102, 102, 115, 101, 116, 95, 114, 97, 119, 34, 58, 110, 117, 108, 108, 44, 34, 102, 111, 114, 107, 95, 115, 117, 98, 95, 111, 102, 102, 115, 101, 116, 34, 58, 110, 117, 108, 108, 44, 34, 98, 97, 115, 101, 95, 111, 102, 102, 115, 101, 116, 34, 58, 48, 44, 34, 99, 108, 111, 115, 101, 100, 34, 58, 102, 97, 108, 115, 101, 44, 34, 99, 108, 111, 115, 101, 100, 95, 98, 121, 34, 58, 110, 117, 108, 108, 44, 34, 112, 114, 111, 100, 117, 99, 101, 114, 115, 34, 58, 123, 34, 115, 110, 97, 112, 115, 104, 111, 116, 45, 112, 34, 58, 123, 34, 101, 112, 111, 99, 104, 34, 58, 55, 44, 34, 108, 97, 115, 116, 95, 115, 101, 113, 34, 58, 49, 125, 125, 44, 34, 108, 97, 115, 116, 95, 115, 101, 113, 95, 104, 101, 97, 100, 101, 114, 34, 58, 110, 117, 108, 108, 44, 34, 108, 97, 115, 116, 95, 97, 99, 99, 101, 115, 115, 95, 117, 110, 105, 120, 34, 58, 49, 44, 34, 108, 97, 115, 116, 95, 97, 99, 99, 101, 115, 115, 95, 109, 105, 108, 108, 105, 115, 34, 58, 49, 49, 49, 48, 44, 34, 101, 120, 112, 105, 114, 101, 115, 95, 97, 116, 95, 109, 105, 108, 108, 105, 115, 34, 58, 110, 117, 108, 108, 44, 34, 114, 101, 102, 95, 99, 111, 117, 110, 116, 34, 58, 48, 44, 34, 115, 111, 102, 116, 95, 100, 101, 108, 101, 116, 101, 100, 34, 58, 102, 97, 108, 115, 101, 44, 34, 115, 101, 103, 109, 101, 110, 116, 115, 34, 58, 91, 93, 44, 34, 115, 101, 97, 108, 101, 100, 95, 111, 102, 102, 115, 101, 116, 34, 58, 48, 44, 34, 102, 105, 108, 101, 95, 98, 97, 115, 101, 34, 58, 48, 44, 34, 112, 101, 110, 100, 105, 110, 103, 95, 99, 111, 109, 112, 97, 99, 116, 105, 111, 110, 34, 58, 110, 117, 108, 108, 44, 34, 100, 117, 114, 97, 98, 108, 101, 95, 116, 97, 105, 108, 34, 58, 50, 53, 125]
 right: [123, 34, 105, 100, 34, 58, 48, 44, 34, 112, 97, 116, 104, 34, 58, 34, 47, 102, 114, 101, 115, 104, 34, 44, 34, 99, 111, 110, 116, 101, 110, 116, 95, 116, 121, 112, 101, 34, 58, 34, 97, 112, 112, 108, 105, 99, 97, 116, 105, 111, 110, 47, 111, 99, 116, 101, 116, 45, 115, 116, 114, 101, 97, 109, 34, 44, 34, 116, 116, 108, 95, 115, 101, 99, 111, 110, 100, 115, 34, 58, 49, 44, 34, 101, 120, 112, 105, 114, 101, 115, 95, 97, 116, 95, 117, 110, 105, 120, 34, 58, 110, 117, 108, 108, 44, 34, 101, 120, 112, 105, 114, 101, 115, 95, 97, 116, 95, 114, 97, 119, 34, 58, 110, 117, 108, 108, 44, 34, 99, 114, 101, 97, 116, 101, 95, 99, 108, 111, 115, 101, 100, 34, 58, 102, 97, 108, 115, 101, 44, 34, 102, 111, 114, 107, 101, 100, 95, 102, 114, 111, 109, 34, 58, 110, 117, 108, 108, 44, 34, 102, 111, 114, 107, 95, 111, 102, 102, 115, 101, 116, 95, 114, 97, 119, 34, 58, 110, 117, 108, 108, 44, 34, 102, 111, 114, 107, 95, 115, 117, 98, 95, 111, 102, 102, 115, 101, 116, 34, 58, 110, 117, 108, 108, 44, 34, 98, 97, 115, 101, 95, 111, 102, 102, 115, 101, 116, 34, 58, 48, 44, 34, 99, 108, 111, 115, 101, 100, 34, 58, 102, 97, 108, 115, 101, 44, 34, 99, 108, 111, 115, 101, 100, 95, 98, 121, 34, 58, 110, 117, 108, 108, 44, 34, 112, 114, 111, 100, 117, 99, 101, 114, 115, 34, 58, 123, 125, 44, 34, 108, 97, 115, 116, 95, 115, 101, 113, 95, 104, 101, 97, 100, 101, 114, 34, 58, 110, 117, 108, 108, 44, 34, 108, 97, 115, 116, 95, 97, 99, 99, 101, 115, 115, 95, 117, 110, 105, 120, 34, 58, 49, 44, 34, 108, 97, 115, 116, 95, 97, 99, 99, 101, 115, 115, 95, 109, 105, 108, 108, 105, 115, 34, 58, 49, 48, 57, 48, 44, 34, 101, 120, 112, 105, 114, 101, 115, 95, 97, 116, 95, 109, 105, 108, 108, 105, 115, 34, 58, 110, 117, 108, 108, 44, 34, 114, 101, 102, 95, 99, 111, 117, 110, 116, 34, 58, 48, 44, 34, 115, 111, 102, 116, 95, 100, 101, 108, 101, 116, 101, 100, 34, 58, 102, 97, 108, 115, 101, 44, 34, 115, 101, 103, 109, 101, 110, 116, 115, 34, 58, 91, 93, 44, 34, 115, 101, 97, 108, 101, 100, 95, 111, 102, 102, 115, 101, 116, 34, 58, 48, 44, 34, 102, 105, 108, 101, 95, 98, 97, 115, 101, 34, 58, 48, 44, 34, 112, 101, 110, 100, 105, 110, 103, 95, 99, 111, 109, 112, 97, 99, 116, 105, 111, 110, 34, 58, 110, 117, 108, 108, 44, 34, 100, 117, 114, 97, 98, 108, 101, 95, 116, 97, 105, 108, 34, 58, 48, 125]

thread 'replication::journal::tests::snapshot_captures_fresh_metadata_without_rewriting_disposable_sidecars' (3551781) panicked at src/replication/journal.rs:1064:17:
assertion `left == right` failed: archive creation must not rewrite disposable sidecars
  left: [123, 34, 105, 100, 34, 58, 48, 44, 34, 112, 97, 116, 104, 34, 58, 34, 47, 102, 114, 101, 115, 104, 34, 44, 34, 99, 111, 110, 116, 101, 110, 116, 95, 116, 121, 112, 101, 34, 58, 34, 97, 112, 112, 108, 105, 99, 97, 116, 105, 111, 110, 47, 111, 99, 116, 101, 116, 45, 115, 116, 114, 101, 97, 109, 34, 44, 34, 116, 116, 108, 95, 115, 101, 99, 111, 110, 100, 115, 34, 58, 49, 44, 34, 101, 120, 112, 105, 114, 101, 115, 95, 97, 116, 95, 117, 110, 105, 120, 34, 58, 110, 117, 108, 108, 44, 34, 101, 120, 112, 105, 114, 101, 115, 95, 97, 116, 95, 114, 97, 119, 34, 58, 110, 117, 108, 108, 44, 34, 99, 114, 101, 97, 116, 101, 95, 99, 108, 111, 115, 101, 100, 34, 58, 102, 97, 108, 115, 101, 44, 34, 102, 111, 114, 107, 101, 100, 95, 102, 114, 111, 109, 34, 58, 110, 117, 108, 108, 44, 34, 102, 111, 114, 107, 95, 111, 102, 102, 115, 101, 116, 95, 114, 97, 119, 34, 58, 110, 117, 108, 108, 44, 34, 102, 111, 114, 107, 95, 115, 117, 98, 95, 111, 102, 102, 115, 101, 116, 34, 58, 110, 117, 108, 108, 44, 34, 98, 97, 115, 101, 95, 111, 102, 102, 115, 101, 116, 34, 58, 48, 44, 34, 99, 108, 111, 115, 101, 100, 34, 58, 102, 97, 108, 115, 101, 44, 34, 99, 108, 111, 115, 101, 100, 95, 98, 121, 34, 58, 110, 117, 108, 108, 44, 34, 112, 114, 111, 100, 117, 99, 101, 114, 115, 34, 58, 123, 34, 115, 110, 97, 112, 115, 104, 111, 116, 45, 112, 34, 58, 123, 34, 101, 112, 111, 99, 104, 34, 58, 55, 44, 34, 108, 97, 115, 116, 95, 115, 101, 113, 34, 58, 49, 125, 125, 44, 34, 108, 97, 115, 116, 95, 115, 101, 113, 95, 104, 101, 97, 100, 101, 114, 34, 58, 110, 117, 108, 108, 44, 34, 108, 97, 115, 116, 95, 97, 99, 99, 101, 115, 115, 95, 117, 110, 105, 120, 34, 58, 49, 44, 34, 108, 97, 115, 116, 95, 97, 99, 99, 101, 115, 115, 95, 109, 105, 108, 108, 105, 115, 34, 58, 49, 49, 49, 48, 44, 34, 101, 120, 112, 105, 114, 101, 115, 95, 97, 116, 95, 109, 105, 108, 108, 105, 115, 34, 58, 110, 117, 108, 108, 44, 34, 114, 101, 102, 95, 99, 111, 117, 110, 116, 34, 58, 48, 44, 34, 115, 111, 102, 116, 95, 100, 101, 108, 101, 116, 101, 100, 34, 58, 102, 97, 108, 115, 101, 44, 34, 115, 101, 103, 109, 101, 110, 116, 115, 34, 58, 91, 93, 44, 34, 115, 101, 97, 108, 101, 100, 95, 111, 102, 102, 115, 101, 116, 34, 58, 48, 44, 34, 102, 105, 108, 101, 95, 98, 97, 115, 101, 34, 58, 48, 44, 34, 112, 101, 110, 100, 105, 110, 103, 95, 99, 111, 109, 112, 97, 99, 116, 105, 111, 110, 34, 58, 110, 117, 108, 108, 44, 34, 100, 117, 114, 97, 98, 108, 101, 95, 116, 97, 105, 108, 34, 58, 50, 52, 125]
 right: [123, 34, 105, 100, 34, 58, 48, 44, 34, 112, 97, 116, 104, 34, 58, 34, 47, 102, 114, 101, 115, 104, 34, 44, 34, 99, 111, 110, 116, 101, 110, 116, 95, 116, 121, 112, 101, 34, 58, 34, 97, 112, 112, 108, 105, 99, 97, 116, 105, 111, 110, 47, 111, 99, 116, 101, 116, 45, 115, 116, 114, 101, 97, 109, 34, 44, 34, 116, 116, 108, 95, 115, 101, 99, 111, 110, 100, 115, 34, 58, 49, 44, 34, 101, 120, 112, 105, 114, 101, 115, 95, 97, 116, 95, 117, 110, 105, 120, 34, 58, 110, 117, 108, 108, 44, 34, 101, 120, 112, 105, 114, 101, 115, 95, 97, 116, 95, 114, 97, 119, 34, 58, 110, 117, 108, 108, 44, 34, 99, 114, 101, 97, 116, 101, 95, 99, 108, 111, 115, 101, 100, 34, 58, 102, 97, 108, 115, 101, 44, 34, 102, 111, 114, 107, 101, 100, 95, 102, 114, 111, 109, 34, 58, 110, 117, 108, 108, 44, 34, 102, 111, 114, 107, 95, 111, 102, 102, 115, 101, 116, 95, 114, 97, 119, 34, 58, 110, 117, 108, 108, 44, 34, 102, 111, 114, 107, 95, 115, 117, 98, 95, 111, 102, 102, 115, 101, 116, 34, 58, 110, 117, 108, 108, 44, 34, 98, 97, 115, 101, 95, 111, 102, 102, 115, 101, 116, 34, 58, 48, 44, 34, 99, 108, 111, 115, 101, 100, 34, 58, 102, 97, 108, 115, 101, 44, 34, 99, 108, 111, 115, 101, 100, 95, 98, 121, 34, 58, 110, 117, 108, 108, 44, 34, 112, 114, 111, 100, 117, 99, 101, 114, 115, 34, 58, 123, 125, 44, 34, 108, 97, 115, 116, 95, 115, 101, 113, 95, 104, 101, 97, 100, 101, 114, 34, 58, 110, 117, 108, 108, 44, 34, 108, 97, 115, 116, 95, 97, 99, 99, 101, 115, 115, 95, 117, 110, 105, 120, 34, 58, 49, 44, 34, 108, 97, 115, 116, 95, 97, 99, 99, 101, 115, 115, 95, 109, 105, 108, 108, 105, 115, 34, 58, 49, 48, 57, 48, 44, 34, 101, 120, 112, 105, 114, 101, 115, 95, 97, 116, 95, 109, 105, 108, 108, 105, 115, 34, 58, 110, 117, 108, 108, 44, 34, 114, 101, 102, 95, 99, 111, 117, 110, 116, 34, 58, 48, 44, 34, 115, 111, 102, 116, 95, 100, 101, 108, 101, 116, 101, 100, 34, 58, 102, 97, 108, 115, 101, 44, 34, 115, 101, 103, 109, 101, 110, 116, 115, 34, 58, 91, 93, 44, 34, 115, 101, 97, 108, 101, 100, 95, 111, 102, 102, 115, 101, 116, 34, 58, 48, 44, 34, 102, 105, 108, 101, 95, 98, 97, 115, 101, 34, 58, 48, 44, 34, 112, 101, 110, 100, 105, 110, 103, 95, 99, 111, 109, 112, 97, 99, 116, 105, 111, 110, 34, 58, 110, 117, 108, 108, 44, 34, 100, 117, 114, 97, 98, 108, 101, 95, 116, 97, 105, 108, 34, 58, 48, 125]

thread 'replication::journal::tests::snapshot_captures_fresh_metadata_without_rewriting_disposable_sidecars' (3551781) panicked at src/replication/journal.rs:1064:17:
assertion `left == right` failed: archive creation must not rewrite disposable sidecars
  left: [123, 34, 105, 100, 34, 58, 48, 44, 34, 112, 97, 116, 104, 34, 58, 34, 47, 102, 114, 101, 115, 104, 34, 44, 34, 99, 111, 110, 116, 101, 110, 116, 95, 116, 121, 112, 101, 34, 58, 34, 97, 112, 112, 108, 105, 99, 97, 116, 105, 111, 110, 47, 111, 99, 116, 101, 116, 45, 115, 116, 114, 101, 97, 109, 34, 44, 34, 116, 116, 108, 95, 115, 101, 99, 111, 110, 100, 115, 34, 58, 49, 44, 34, 101, 120, 112, 105, 114, 101, 115, 95, 97, 116, 95, 117, 110, 105, 120, 34, 58, 110, 117, 108, 108, 44, 34, 101, 120, 112, 105, 114, 101, 115, 95, 97, 116, 95, 114, 97, 119, 34, 58, 110, 117, 108, 108, 44, 34, 99, 114, 101, 97, 116, 101, 95, 99, 108, 111, 115, 101, 100, 34, 58, 102, 97, 108, 115, 101, 44, 34, 102, 111, 114, 107, 101, 100, 95, 102, 114, 111, 109, 34, 58, 110, 117, 108, 108, 44, 34, 102, 111, 114, 107, 95, 111, 102, 102, 115, 101, 116, 95, 114, 97, 119, 34, 58, 110, 117, 108, 108, 44, 34, 102, 111, 114, 107, 95, 115, 117, 98, 95, 111, 102, 102, 115, 101, 116, 34, 58, 110, 117, 108, 108, 44, 34, 98, 97, 115, 101, 95, 111, 102, 102, 115, 101, 116, 34, 58, 48, 44, 34, 99, 108, 111, 115, 101, 100, 34, 58, 102, 97, 108, 115, 101, 44, 34, 99, 108, 111, 115, 101, 100, 95, 98, 121, 34, 58, 110, 117, 108, 108, 44, 34, 112, 114, 111, 100, 117, 99, 101, 114, 115, 34, 58, 123, 34, 115, 110, 97, 112, 115, 104, 111, 116, 45, 112, 34, 58, 123, 34, 101, 112, 111, 99, 104, 34, 58, 55, 44, 34, 108, 97, 115, 116, 95, 115, 101, 113, 34, 58, 49, 125, 125, 44, 34, 108, 97, 115, 116, 95, 115, 101, 113, 95, 104, 101, 97, 100, 101, 114, 34, 58, 110, 117, 108, 108, 44, 34, 108, 97, 115, 116, 95, 97, 99, 99, 101, 115, 115, 95, 117, 110, 105, 120, 34, 58, 49, 44, 34, 108, 97, 115, 116, 95, 97, 99, 99, 101, 115, 115, 95, 109, 105, 108, 108, 105, 115, 34, 58, 49, 49, 49, 48, 44, 34, 101, 120, 112, 105, 114, 101, 115, 95, 97, 116, 95, 109, 105, 108, 108, 105, 115, 34, 58, 110, 117, 108, 108, 44, 34, 114, 101, 102, 95, 99, 111, 117, 110, 116, 34, 58, 48, 44, 34, 115, 111, 102, 116, 95, 100, 101, 108, 101, 116, 101, 100, 34, 58, 102, 97, 108, 115, 101, 44, 34, 115, 101, 103, 109, 101, 110, 116, 115, 34, 58, 91, 93, 44, 34, 115, 101, 97, 108, 101, 100, 95, 111, 102, 102, 115, 101, 116, 34, 58, 48, 44, 34, 102, 105, 108, 101, 95, 98, 97, 115, 101, 34, 58, 48, 44, 34, 112, 101, 110, 100, 105, 110, 103, 95, 99, 111, 109, 112, 97, 99, 116, 105, 111, 110, 34, 58, 110, 117, 108, 108, 44, 34, 100, 117, 114, 97, 98, 108, 101, 95, 116, 97, 105, 108, 34, 58, 50, 51, 125]
 right: [123, 34, 105, 100, 34, 58, 48, 44, 34, 112, 97, 116, 104, 34, 58, 34, 47, 102, 114, 101, 115, 104, 34, 44, 34, 99, 111, 110, 116, 101, 110, 116, 95, 116, 121, 112, 101, 34, 58, 34, 97, 112, 112, 108, 105, 99, 97, 116, 105, 111, 110, 47, 111, 99, 116, 101, 116, 45, 115, 116, 114, 101, 97, 109, 34, 44, 34, 116, 116, 108, 95, 115, 101, 99, 111, 110, 100, 115, 34, 58, 49, 44, 34, 101, 120, 112, 105, 114, 101, 115, 95, 97, 116, 95, 117, 110, 105, 120, 34, 58, 110, 117, 108, 108, 44, 34, 101, 120, 112, 105, 114, 101, 115, 95, 97, 116, 95, 114, 97, 119, 34, 58, 110, 117, 108, 108, 44, 34, 99, 114, 101, 97, 116, 101, 95, 99, 108, 111, 115, 101, 100, 34, 58, 102, 97, 108, 115, 101, 44, 34, 102, 111, 114, 107, 101, 100, 95, 102, 114, 111, 109, 34, 58, 110, 117, 108, 108, 44, 34, 102, 111, 114, 107, 95, 111, 102, 102, 115, 101, 116, 95, 114, 97, 119, 34, 58, 110, 117, 108, 108, 44, 34, 102, 111, 114, 107, 95, 115, 117, 98, 95, 111, 102, 102, 115, 101, 116, 34, 58, 110, 117, 108, 108, 44, 34, 98, 97, 115, 101, 95, 111, 102, 102, 115, 101, 116, 34, 58, 48, 44, 34, 99, 108, 111, 115, 101, 100, 34, 58, 102, 97, 108, 115, 101, 44, 34, 99, 108, 111, 115, 101, 100, 95, 98, 121, 34, 58, 110, 117, 108, 108, 44, 34, 112, 114, 111, 100, 117, 99, 101, 114, 115, 34, 58, 123, 125, 44, 34, 108, 97, 115, 116, 95, 115, 101, 113, 95, 104, 101, 97, 100, 101, 114, 34, 58, 110, 117, 108, 108, 44, 34, 108, 97, 115, 116, 95, 97, 99, 99, 101, 115, 115, 95, 117, 110, 105, 120, 34, 58, 49, 44, 34, 108, 97, 115, 116, 95, 97, 99, 99, 101, 115, 115, 95, 109, 105, 108, 108, 105, 115, 34, 58, 49, 48, 57, 48, 44, 34, 101, 120, 112, 105, 114, 101, 115, 95, 97, 116, 95, 109, 105, 108, 108, 105, 115, 34, 58, 110, 117, 108, 108, 44, 34, 114, 101, 102, 95, 99, 111, 117, 110, 116, 34, 58, 48, 44, 34, 115, 111, 102, 116, 95, 100, 101, 108, 101, 116, 101, 100, 34, 58, 102, 97, 108, 115, 101, 44, 34, 115, 101, 103, 109, 101, 110, 116, 115, 34, 58, 91, 93, 44, 34, 115, 101, 97, 108, 101, 100, 95, 111, 102, 102, 115, 101, 116, 34, 58, 48, 44, 34, 102, 105, 108, 101, 95, 98, 97, 115, 101, 34, 58, 48, 44, 34, 112, 101, 110, 100, 105, 110, 103, 95, 99, 111, 109, 112, 97, 99, 116, 105, 111, 110, 34, 58, 110, 117, 108, 108, 44, 34, 100, 117, 114, 97, 98, 108, 101, 95, 116, 97, 105, 108, 34, 58, 48, 125]

thread 'replication::journal::tests::snapshot_captures_fresh_metadata_without_rewriting_disposable_sidecars' (3551781) panicked at src/replication/journal.rs:1064:17:
assertion `left == right` failed: archive creation must not rewrite disposable sidecars
  left: [123, 34, 105, 100, 34, 58, 48, 44, 34, 112, 97, 116, 104, 34, 58, 34, 47, 102, 114, 101, 115, 104, 34, 44, 34, 99, 111, 110, 116, 101, 110, 116, 95, 116, 121, 112, 101, 34, 58, 34, 97, 112, 112, 108, 105, 99, 97, 116, 105, 111, 110, 47, 111, 99, 116, 101, 116, 45, 115, 116, 114, 101, 97, 109, 34, 44, 34, 116, 116, 108, 95, 115, 101, 99, 111, 110, 100, 115, 34, 58, 49, 44, 34, 101, 120, 112, 105, 114, 101, 115, 95, 97, 116, 95, 117, 110, 105, 120, 34, 58, 110, 117, 108, 108, 44, 34, 101, 120, 112, 105, 114, 101, 115, 95, 97, 116, 95, 114, 97, 119, 34, 58, 110, 117, 108, 108, 44, 34, 99, 114, 101, 97, 116, 101, 95, 99, 108, 111, 115, 101, 100, 34, 58, 102, 97, 108, 115, 101, 44, 34, 102, 111, 114, 107, 101, 100, 95, 102, 114, 111, 109, 34, 58, 110, 117, 108, 108, 44, 34, 102, 111, 114, 107, 95, 111, 102, 102, 115, 101, 116, 95, 114, 97, 119, 34, 58, 110, 117, 108, 108, 44, 34, 102, 111, 114, 107, 95, 115, 117, 98, 95, 111, 102, 102, 115, 101, 116, 34, 58, 110, 117, 108, 108, 44, 34, 98, 97, 115, 101, 95, 111, 102, 102, 115, 101, 116, 34, 58, 48, 44, 34, 99, 108, 111, 115, 101, 100, 34, 58, 102, 97, 108, 115, 101, 44, 34, 99, 108, 111, 115, 101, 100, 95, 98, 121, 34, 58, 110, 117, 108, 108, 44, 34, 112, 114, 111, 100, 117, 99, 101, 114, 115, 34, 58, 123, 34, 115, 110, 97, 112, 115, 104, 111, 116, 45, 112, 34, 58, 123, 34, 101, 112, 111, 99, 104, 34, 58, 55, 44, 34, 108, 97, 115, 116, 95, 115, 101, 113, 34, 58, 49, 125, 125, 44, 34, 108, 97, 115, 116, 95, 115, 101, 113, 95, 104, 101, 97, 100, 101, 114, 34, 58, 110, 117, 108, 108, 44, 34, 108, 97, 115, 116, 95, 97, 99, 99, 101, 115, 115, 95, 117, 110, 105, 120, 34, 58, 49, 44, 34, 108, 97, 115, 116, 95, 97, 99, 99, 101, 115, 115, 95, 109, 105, 108, 108, 105, 115, 34, 58, 49, 49, 49, 48, 44, 34, 101, 120, 112, 105, 114, 101, 115, 95, 97, 116, 95, 109, 105, 108, 108, 105, 115, 34, 58, 110, 117, 108, 108, 44, 34, 114, 101, 102, 95, 99, 111, 117, 110, 116, 34, 58, 48, 44, 34, 115, 111, 102, 116, 95, 100, 101, 108, 101, 116, 101, 100, 34, 58, 102, 97, 108, 115, 101, 44, 34, 115, 101, 103, 109, 101, 110, 116, 115, 34, 58, 91, 93, 44, 34, 115, 101, 97, 108, 101, 100, 95, 111, 102, 102, 115, 101, 116, 34, 58, 48, 44, 34, 102, 105, 108, 101, 95, 98, 97, 115, 101, 34, 58, 48, 44, 34, 112, 101, 110, 100, 105, 110, 103, 95, 99, 111, 109, 112, 97, 99, 116, 105, 111, 110, 34, 58, 110, 117, 108, 108, 44, 34, 100, 117, 114, 97, 98, 108, 101, 95, 116, 97, 105, 108, 34, 58, 50, 50, 125]
 right: [123, 34, 105, 100, 34, 58, 48, 44, 34, 112, 97, 116, 104, 34, 58, 34, 47, 102, 114, 101, 115, 104, 34, 44, 34, 99, 111, 110, 116, 101, 110, 116, 95, 116, 121, 112, 101, 34, 58, 34, 97, 112, 112, 108, 105, 99, 97, 116, 105, 111, 110, 47, 111, 99, 116, 101, 116, 45, 115, 116, 114, 101, 97, 109, 34, 44, 34, 116, 116, 108, 95, 115, 101, 99, 111, 110, 100, 115, 34, 58, 49, 44, 34, 101, 120, 112, 105, 114, 101, 115, 95, 97, 116, 95, 117, 110, 105, 120, 34, 58, 110, 117, 108, 108, 44, 34, 101, 120, 112, 105, 114, 101, 115, 95, 97, 116, 95, 114, 97, 119, 34, 58, 110, 117, 108, 108, 44, 34, 99, 114, 101, 97, 116, 101, 95, 99, 108, 111, 115, 101, 100, 34, 58, 102, 97, 108, 115, 101, 44, 34, 102, 111, 114, 107, 101, 100, 95, 102, 114, 111, 109, 34, 58, 110, 117, 108, 108, 44, 34, 102, 111, 114, 107, 95, 111, 102, 102, 115, 101, 116, 95, 114, 97, 119, 34, 58, 110, 117, 108, 108, 44, 34, 102, 111, 114, 107, 95, 115, 117, 98, 95, 111, 102, 102, 115, 101, 116, 34, 58, 110, 117, 108, 108, 44, 34, 98, 97, 115, 101, 95, 111, 102, 102, 115, 101, 116, 34, 58, 48, 44, 34, 99, 108, 111, 115, 101, 100, 34, 58, 102, 97, 108, 115, 101, 44, 34, 99, 108, 111, 115, 101, 100, 95, 98, 121, 34, 58, 110, 117, 108, 108, 44, 34, 112, 114, 111, 100, 117, 99, 101, 114, 115, 34, 58, 123, 125, 44, 34, 108, 97, 115, 116, 95, 115, 101, 113, 95, 104, 101, 97, 100, 101, 114, 34, 58, 110, 117, 108, 108, 44, 34, 108, 97, 115, 116, 95, 97, 99, 99, 101, 115, 115, 95, 117, 110, 105, 120, 34, 58, 49, 44, 34, 108, 97, 115, 116, 95, 97, 99, 99, 101, 115, 115, 95, 109, 105, 108, 108, 105, 115, 34, 58, 49, 48, 57, 48, 44, 34, 101, 120, 112, 105, 114, 101, 115, 95, 97, 116, 95, 109, 105, 108, 108, 105, 115, 34, 58, 110, 117, 108, 108, 44, 34, 114, 101, 102, 95, 99, 111, 117, 110, 116, 34, 58, 48, 44, 34, 115, 111, 102, 116, 95, 100, 101, 108, 101, 116, 101, 100, 34, 58, 102, 97, 108, 115, 101, 44, 34, 115, 101, 103, 109, 101, 110, 116, 115, 34, 58, 91, 93, 44, 34, 115, 101, 97, 108, 101, 100, 95, 111, 102, 102, 115, 101, 116, 34, 58, 48, 44, 34, 102, 105, 108, 101, 95, 98, 97, 115, 101, 34, 58, 48, 44, 34, 112, 101, 110, 100, 105, 110, 103, 95, 99, 111, 109, 112, 97, 99, 116, 105, 111, 110, 34, 58, 110, 117, 108, 108, 44, 34, 100, 117, 114, 97, 98, 108, 101, 95, 116, 97, 105, 108, 34, 58, 48, 125]

thread 'replication::journal::tests::snapshot_captures_fresh_metadata_without_rewriting_disposable_sidecars' (3551781) panicked at src/replication/journal.rs:1064:17:
assertion `left == right` failed: archive creation must not rewrite disposable sidecars
  left: [123, 34, 105, 100, 34, 58, 48, 44, 34, 112, 97, 116, 104, 34, 58, 34, 47, 102, 114, 101, 115, 104, 34, 44, 34, 99, 111, 110, 116, 101, 110, 116, 95, 116, 121, 112, 101, 34, 58, 34, 97, 112, 112, 108, 105, 99, 97, 116, 105, 111, 110, 47, 111, 99, 116, 101, 116, 45, 115, 116, 114, 101, 97, 109, 34, 44, 34, 116, 116, 108, 95, 115, 101, 99, 111, 110, 100, 115, 34, 58, 49, 44, 34, 101, 120, 112, 105, 114, 101, 115, 95, 97, 116, 95, 117, 110, 105, 120, 34, 58, 110, 117, 108, 108, 44, 34, 101, 120, 112, 105, 114, 101, 115, 95, 97, 116, 95, 114, 97, 119, 34, 58, 110, 117, 108, 108, 44, 34, 99, 114, 101, 97, 116, 101, 95, 99, 108, 111, 115, 101, 100, 34, 58, 102, 97, 108, 115, 101, 44, 34, 102, 111, 114, 107, 101, 100, 95, 102, 114, 111, 109, 34, 58, 110, 117, 108, 108, 44, 34, 102, 111, 114, 107, 95, 111, 102, 102, 115, 101, 116, 95, 114, 97, 119, 34, 58, 110, 117, 108, 108, 44, 34, 102, 111, 114, 107, 95, 115, 117, 98, 95, 111, 102, 102, 115, 101, 116, 34, 58, 110, 117, 108, 108, 44, 34, 98, 97, 115, 101, 95, 111, 102, 102, 115, 101, 116, 34, 58, 48, 44, 34, 99, 108, 111, 115, 101, 100, 34, 58, 102, 97, 108, 115, 101, 44, 34, 99, 108, 111, 115, 101, 100, 95, 98, 121, 34, 58, 110, 117, 108, 108, 44, 34, 112, 114, 111, 100, 117, 99, 101, 114, 115, 34, 58, 123, 34, 115, 110, 97, 112, 115, 104, 111, 116, 45, 112, 34, 58, 123, 34, 101, 112, 111, 99, 104, 34, 58, 55, 44, 34, 108, 97, 115, 116, 95, 115, 101, 113, 34, 58, 49, 125, 125, 44, 34, 108, 97, 115, 116, 95, 115, 101, 113, 95, 104, 101, 97, 100, 101, 114, 34, 58, 110, 117, 108, 108, 44, 34, 108, 97, 115, 116, 95, 97, 99, 99, 101, 115, 115, 95, 117, 110, 105, 120, 34, 58, 49, 44, 34, 108, 97, 115, 116, 95, 97, 99, 99, 101, 115, 115, 95, 109, 105, 108, 108, 105, 115, 34, 58, 49, 49, 49, 48, 44, 34, 101, 120, 112, 105, 114, 101, 115, 95, 97, 116, 95, 109, 105, 108, 108, 105, 115, 34, 58, 110, 117, 108, 108, 44, 34, 114, 101, 102, 95, 99, 111, 117, 110, 116, 34, 58, 48, 44, 34, 115, 111, 102, 116, 95, 100, 101, 108, 101, 116, 101, 100, 34, 58, 102, 97, 108, 115, 101, 44, 34, 115, 101, 103, 109, 101, 110, 116, 115, 34, 58, 91, 93, 44, 34, 115, 101, 97, 108, 101, 100, 95, 111, 102, 102, 115, 101, 116, 34, 58, 48, 44, 34, 102, 105, 108, 101, 95, 98, 97, 115, 101, 34, 58, 48, 44, 34, 112, 101, 110, 100, 105, 110, 103, 95, 99, 111, 109, 112, 97, 99, 116, 105, 111, 110, 34, 58, 110, 117, 108, 108, 44, 34, 100, 117, 114, 97, 98, 108, 101, 95, 116, 97, 105, 108, 34, 58, 50, 49, 125]
 right: [123, 34, 105, 100, 34, 58, 48, 44, 34, 112, 97, 116, 104, 34, 58, 34, 47, 102, 114, 101, 115, 104, 34, 44, 34, 99, 111, 110, 116, 101, 110, 116, 95, 116, 121, 112, 101, 34, 58, 34, 97, 112, 112, 108, 105, 99, 97, 116, 105, 111, 110, 47, 111, 99, 116, 101, 116, 45, 115, 116, 114, 101, 97, 109, 34, 44, 34, 116, 116, 108, 95, 115, 101, 99, 111, 110, 100, 115, 34, 58, 49, 44, 34, 101, 120, 112, 105, 114, 101, 115, 95, 97, 116, 95, 117, 110, 105, 120, 34, 58, 110, 117, 108, 108, 44, 34, 101, 120, 112, 105, 114, 101, 115, 95, 97, 116, 95, 114, 97, 119, 34, 58, 110, 117, 108, 108, 44, 34, 99, 114, 101, 97, 116, 101, 95, 99, 108, 111, 115, 101, 100, 34, 58, 102, 97, 108, 115, 101, 44, 34, 102, 111, 114, 107, 101, 100, 95, 102, 114, 111, 109, 34, 58, 110, 117, 108, 108, 44, 34, 102, 111, 114, 107, 95, 111, 102, 102, 115, 101, 116, 95, 114, 97, 119, 34, 58, 110, 117, 108, 108, 44, 34, 102, 111, 114, 107, 95, 115, 117, 98, 95, 111, 102, 102, 115, 101, 116, 34, 58, 110, 117, 108, 108, 44, 34, 98, 97, 115, 101, 95, 111, 102, 102, 115, 101, 116, 34, 58, 48, 44, 34, 99, 108, 111, 115, 101, 100, 34, 58, 102, 97, 108, 115, 101, 44, 34, 99, 108, 111, 115, 101, 100, 95, 98, 121, 34, 58, 110, 117, 108, 108, 44, 34, 112, 114, 111, 100, 117, 99, 101, 114, 115, 34, 58, 123, 125, 44, 34, 108, 97, 115, 116, 95, 115, 101, 113, 95, 104, 101, 97, 100, 101, 114, 34, 58, 110, 117, 108, 108, 44, 34, 108, 97, 115, 116, 95, 97, 99, 99, 101, 115, 115, 95, 117, 110, 105, 120, 34, 58, 49, 44, 34, 108, 97, 115, 116, 95, 97, 99, 99, 101, 115, 115, 95, 109, 105, 108, 108, 105, 115, 34, 58, 49, 48, 57, 48, 44, 34, 101, 120, 112, 105, 114, 101, 115, 95, 97, 116, 95, 109, 105, 108, 108, 105, 115, 34, 58, 110, 117, 108, 108, 44, 34, 114, 101, 102, 95, 99, 111, 117, 110, 116, 34, 58, 48, 44, 34, 115, 111, 102, 116, 95, 100, 101, 108, 101, 116, 101, 100, 34, 58, 102, 97, 108, 115, 101, 44, 34, 115, 101, 103, 109, 101, 110, 116, 115, 34, 58, 91, 93, 44, 34, 115, 101, 97, 108, 101, 100, 95, 111, 102, 102, 115, 101, 116, 34, 58, 48, 44, 34, 102, 105, 108, 101, 95, 98, 97, 115, 101, 34, 58, 48, 44, 34, 112, 101, 110, 100, 105, 110, 103, 95, 99, 111, 109, 112, 97, 99, 116, 105, 111, 110, 34, 58, 110, 117, 108, 108, 44, 34, 100, 117, 114, 97, 98, 108, 101, 95, 116, 97, 105, 108, 34, 58, 48, 125]

thread 'replication::journal::tests::snapshot_captures_fresh_metadata_without_rewriting_disposable_sidecars' (3551781) panicked at src/replication/journal.rs:1064:17:
assertion `left == right` failed: archive creation must not rewrite disposable sidecars
  left: [123, 34, 105, 100, 34, 58, 48, 44, 34, 112, 97, 116, 104, 34, 58, 34, 47, 102, 114, 101, 115, 104, 34, 44, 34, 99, 111, 110, 116, 101, 110, 116, 95, 116, 121, 112, 101, 34, 58, 34, 97, 112, 112, 108, 105, 99, 97, 116, 105, 111, 110, 47, 111, 99, 116, 101, 116, 45, 115, 116, 114, 101, 97, 109, 34, 44, 34, 116, 116, 108, 95, 115, 101, 99, 111, 110, 100, 115, 34, 58, 49, 44, 34, 101, 120, 112, 105, 114, 101, 115, 95, 97, 116, 95, 117, 110, 105, 120, 34, 58, 110, 117, 108, 108, 44, 34, 101, 120, 112, 105, 114, 101, 115, 95, 97, 116, 95, 114, 97, 119, 34, 58, 110, 117, 108, 108, 44, 34, 99, 114, 101, 97, 116, 101, 95, 99, 108, 111, 115, 101, 100, 34, 58, 102, 97, 108, 115, 101, 44, 34, 102, 111, 114, 107, 101, 100, 95, 102, 114, 111, 109, 34, 58, 110, 117, 108, 108, 44, 34, 102, 111, 114, 107, 95, 111, 102, 102, 115, 101, 116, 95, 114, 97, 119, 34, 58, 110, 117, 108, 108, 44, 34, 102, 111, 114, 107, 95, 115, 117, 98, 95, 111, 102, 102, 115, 101, 116, 34, 58, 110, 117, 108, 108, 44, 34, 98, 97, 115, 101, 95, 111, 102, 102, 115, 101, 116, 34, 58, 48, 44, 34, 99, 108, 111, 115, 101, 100, 34, 58, 102, 97, 108, 115, 101, 44, 34, 99, 108, 111, 115, 101, 100, 95, 98, 121, 34, 58, 110, 117, 108, 108, 44, 34, 112, 114, 111, 100, 117, 99, 101, 114, 115, 34, 58, 123, 34, 115, 110, 97, 112, 115, 104, 111, 116, 45, 112, 34, 58, 123, 34, 101, 112, 111, 99, 104, 34, 58, 55, 44, 34, 108, 97, 115, 116, 95, 115, 101, 113, 34, 58, 49, 125, 125, 44, 34, 108, 97, 115, 116, 95, 115, 101, 113, 95, 104, 101, 97, 100, 101, 114, 34, 58, 110, 117, 108, 108, 44, 34, 108, 97, 115, 116, 95, 97, 99, 99, 101, 115, 115, 95, 117, 110, 105, 120, 34, 58, 49, 44, 34, 108, 97, 115, 116, 95, 97, 99, 99, 101, 115, 115, 95, 109, 105, 108, 108, 105, 115, 34, 58, 49, 49, 49, 48, 44, 34, 101, 120, 112, 105, 114, 101, 115, 95, 97, 116, 95, 109, 105, 108, 108, 105, 115, 34, 58, 110, 117, 108, 108, 44, 34, 114, 101, 102, 95, 99, 111, 117, 110, 116, 34, 58, 48, 44, 34, 115, 111, 102, 116, 95, 100, 101, 108, 101, 116, 101, 100, 34, 58, 102, 97, 108, 115, 101, 44, 34, 115, 101, 103, 109, 101, 110, 116, 115, 34, 58, 91, 93, 44, 34, 115, 101, 97, 108, 101, 100, 95, 111, 102, 102, 115, 101, 116, 34, 58, 48, 44, 34, 102, 105, 108, 101, 95, 98, 97, 115, 101, 34, 58, 48, 44, 34, 112, 101, 110, 100, 105, 110, 103, 95, 99, 111, 109, 112, 97, 99, 116, 105, 111, 110, 34, 58, 110, 117, 108, 108, 44, 34, 100, 117, 114, 97, 98, 108, 101, 95, 116, 97, 105, 108, 34, 58, 50, 48, 125]
 right: [123, 34, 105, 100, 34, 58, 48, 44, 34, 112, 97, 116, 104, 34, 58, 34, 47, 102, 114, 101, 115, 104, 34, 44, 34, 99, 111, 110, 116, 101, 110, 116, 95, 116, 121, 112, 101, 34, 58, 34, 97, 112, 112, 108, 105, 99, 97, 116, 105, 111, 110, 47, 111, 99, 116, 101, 116, 45, 115, 116, 114, 101, 97, 109, 34, 44, 34, 116, 116, 108, 95, 115, 101, 99, 111, 110, 100, 115, 34, 58, 49, 44, 34, 101, 120, 112, 105, 114, 101, 115, 95, 97, 116, 95, 117, 110, 105, 120, 34, 58, 110, 117, 108, 108, 44, 34, 101, 120, 112, 105, 114, 101, 115, 95, 97, 116, 95, 114, 97, 119, 34, 58, 110, 117, 108, 108, 44, 34, 99, 114, 101, 97, 116, 101, 95, 99, 108, 111, 115, 101, 100, 34, 58, 102, 97, 108, 115, 101, 44, 34, 102, 111, 114, 107, 101, 100, 95, 102, 114, 111, 109, 34, 58, 110, 117, 108, 108, 44, 34, 102, 111, 114, 107, 95, 111, 102, 102, 115, 101, 116, 95, 114, 97, 119, 34, 58, 110, 117, 108, 108, 44, 34, 102, 111, 114, 107, 95, 115, 117, 98, 95, 111, 102, 102, 115, 101, 116, 34, 58, 110, 117, 108, 108, 44, 34, 98, 97, 115, 101, 95, 111, 102, 102, 115, 101, 116, 34, 58, 48, 44, 34, 99, 108, 111, 115, 101, 100, 34, 58, 102, 97, 108, 115, 101, 44, 34, 99, 108, 111, 115, 101, 100, 95, 98, 121, 34, 58, 110, 117, 108, 108, 44, 34, 112, 114, 111, 100, 117, 99, 101, 114, 115, 34, 58, 123, 125, 44, 34, 108, 97, 115, 116, 95, 115, 101, 113, 95, 104, 101, 97, 100, 101, 114, 34, 58, 110, 117, 108, 108, 44, 34, 108, 97, 115, 116, 95, 97, 99, 99, 101, 115, 115, 95, 117, 110, 105, 120, 34, 58, 49, 44, 34, 108, 97, 115, 116, 95, 97, 99, 99, 101, 115, 115, 95, 109, 105, 108, 108, 105, 115, 34, 58, 49, 48, 57, 48, 44, 34, 101, 120, 112, 105, 114, 101, 115, 95, 97, 116, 95, 109, 105, 108, 108, 105, 115, 34, 58, 110, 117, 108, 108, 44, 34, 114, 101, 102, 95, 99, 111, 117, 110, 116, 34, 58, 48, 44, 34, 115, 111, 102, 116, 95, 100, 101, 108, 101, 116, 101, 100, 34, 58, 102, 97, 108, 115, 101, 44, 34, 115, 101, 103, 109, 101, 110, 116, 115, 34, 58, 91, 93, 44, 34, 115, 101, 97, 108, 101, 100, 95, 111, 102, 102, 115, 101, 116, 34, 58, 48, 44, 34, 102, 105, 108, 101, 95, 98, 97, 115, 101, 34, 58, 48, 44, 34, 112, 101, 110, 100, 105, 110, 103, 95, 99, 111, 109, 112, 97, 99, 116, 105, 111, 110, 34, 58, 110, 117, 108, 108, 44, 34, 100, 117, 114, 97, 98, 108, 101, 95, 116, 97, 105, 108, 34, 58, 48, 125]

thread 'replication::journal::tests::snapshot_captures_fresh_metadata_without_rewriting_disposable_sidecars' (3551781) panicked at src/replication/journal.rs:1064:17:
assertion `left == right` failed: archive creation must not rewrite disposable sidecars
  left: [123, 34, 105, 100, 34, 58, 48, 44, 34, 112, 97, 116, 104, 34, 58, 34, 47, 102, 114, 101, 115, 104, 34, 44, 34, 99, 111, 110, 116, 101, 110, 116, 95, 116, 121, 112, 101, 34, 58, 34, 97, 112, 112, 108, 105, 99, 97, 116, 105, 111, 110, 47, 111, 99, 116, 101, 116, 45, 115, 116, 114, 101, 97, 109, 34, 44, 34, 116, 116, 108, 95, 115, 101, 99, 111, 110, 100, 115, 34, 58, 49, 44, 34, 101, 120, 112, 105, 114, 101, 115, 95, 97, 116, 95, 117, 110, 105, 120, 34, 58, 110, 117, 108, 108, 44, 34, 101, 120, 112, 105, 114, 101, 115, 95, 97, 116, 95, 114, 97, 119, 34, 58, 110, 117, 108, 108, 44, 34, 99, 114, 101, 97, 116, 101, 95, 99, 108, 111, 115, 101, 100, 34, 58, 102, 97, 108, 115, 101, 44, 34, 102, 111, 114, 107, 101, 100, 95, 102, 114, 111, 109, 34, 58, 110, 117, 108, 108, 44, 34, 102, 111, 114, 107, 95, 111, 102, 102, 115, 101, 116, 95, 114, 97, 119, 34, 58, 110, 117, 108, 108, 44, 34, 102, 111, 114, 107, 95, 115, 117, 98, 95, 111, 102, 102, 115, 101, 116, 34, 58, 110, 117, 108, 108, 44, 34, 98, 97, 115, 101, 95, 111, 102, 102, 115, 101, 116, 34, 58, 48, 44, 34, 99, 108, 111, 115, 101, 100, 34, 58, 102, 97, 108, 115, 101, 44, 34, 99, 108, 111, 115, 101, 100, 95, 98, 121, 34, 58, 110, 117, 108, 108, 44, 34, 112, 114, 111, 100, 117, 99, 101, 114, 115, 34, 58, 123, 34, 115, 110, 97, 112, 115, 104, 111, 116, 45, 112, 34, 58, 123, 34, 101, 112, 111, 99, 104, 34, 58, 55, 44, 34, 108, 97, 115, 116, 95, 115, 101, 113, 34, 58, 49, 125, 125, 44, 34, 108, 97, 115, 116, 95, 115, 101, 113, 95, 104, 101, 97, 100, 101, 114, 34, 58, 110, 117, 108, 108, 44, 34, 108, 97, 115, 116, 95, 97, 99, 99, 101, 115, 115, 95, 117, 110, 105, 120, 34, 58, 49, 44, 34, 108, 97, 115, 116, 95, 97, 99, 99, 101, 115, 115, 95, 109, 105, 108, 108, 105, 115, 34, 58, 49, 49, 49, 48, 44, 34, 101, 120, 112, 105, 114, 101, 115, 95, 97, 116, 95, 109, 105, 108, 108, 105, 115, 34, 58, 110, 117, 108, 108, 44, 34, 114, 101, 102, 95, 99, 111, 117, 110, 116, 34, 58, 48, 44, 34, 115, 111, 102, 116, 95, 100, 101, 108, 101, 116, 101, 100, 34, 58, 102, 97, 108, 115, 101, 44, 34, 115, 101, 103, 109, 101, 110, 116, 115, 34, 58, 91, 93, 44, 34, 115, 101, 97, 108, 101, 100, 95, 111, 102, 102, 115, 101, 116, 34, 58, 48, 44, 34, 102, 105, 108, 101, 95, 98, 97, 115, 101, 34, 58, 48, 44, 34, 112, 101, 110, 100, 105, 110, 103, 95, 99, 111, 109, 112, 97, 99, 116, 105, 111, 110, 34, 58, 110, 117, 108, 108, 44, 34, 100, 117, 114, 97, 98, 108, 101, 95, 116, 97, 105, 108, 34, 58, 49, 57, 125]
 right: [123, 34, 105, 100, 34, 58, 48, 44, 34, 112, 97, 116, 104, 34, 58, 34, 47, 102, 114, 101, 115, 104, 34, 44, 34, 99, 111, 110, 116, 101, 110, 116, 95, 116, 121, 112, 101, 34, 58, 34, 97, 112, 112, 108, 105, 99, 97, 116, 105, 111, 110, 47, 111, 99, 116, 101, 116, 45, 115, 116, 114, 101, 97, 109, 34, 44, 34, 116, 116, 108, 95, 115, 101, 99, 111, 110, 100, 115, 34, 58, 49, 44, 34, 101, 120, 112, 105, 114, 101, 115, 95, 97, 116, 95, 117, 110, 105, 120, 34, 58, 110, 117, 108, 108, 44, 34, 101, 120, 112, 105, 114, 101, 115, 95, 97, 116, 95, 114, 97, 119, 34, 58, 110, 117, 108, 108, 44, 34, 99, 114, 101, 97, 116, 101, 95, 99, 108, 111, 115, 101, 100, 34, 58, 102, 97, 108, 115, 101, 44, 34, 102, 111, 114, 107, 101, 100, 95, 102, 114, 111, 109, 34, 58, 110, 117, 108, 108, 44, 34, 102, 111, 114, 107, 95, 111, 102, 102, 115, 101, 116, 95, 114, 97, 119, 34, 58, 110, 117, 108, 108, 44, 34, 102, 111, 114, 107, 95, 115, 117, 98, 95, 111, 102, 102, 115, 101, 116, 34, 58, 110, 117, 108, 108, 44, 34, 98, 97, 115, 101, 95, 111, 102, 102, 115, 101, 116, 34, 58, 48, 44, 34, 99, 108, 111, 115, 101, 100, 34, 58, 102, 97, 108, 115, 101, 44, 34, 99, 108, 111, 115, 101, 100, 95, 98, 121, 34, 58, 110, 117, 108, 108, 44, 34, 112, 114, 111, 100, 117, 99, 101, 114, 115, 34, 58, 123, 125, 44, 34, 108, 97, 115, 116, 95, 115, 101, 113, 95, 104, 101, 97, 100, 101, 114, 34, 58, 110, 117, 108, 108, 44, 34, 108, 97, 115, 116, 95, 97, 99, 99, 101, 115, 115, 95, 117, 110, 105, 120, 34, 58, 49, 44, 34, 108, 97, 115, 116, 95, 97, 99, 99, 101, 115, 115, 95, 109, 105, 108, 108, 105, 115, 34, 58, 49, 48, 57, 48, 44, 34, 101, 120, 112, 105, 114, 101, 115, 95, 97, 116, 95, 109, 105, 108, 108, 105, 115, 34, 58, 110, 117, 108, 108, 44, 34, 114, 101, 102, 95, 99, 111, 117, 110, 116, 34, 58, 48, 44, 34, 115, 111, 102, 116, 95, 100, 101, 108, 101, 116, 101, 100, 34, 58, 102, 97, 108, 115, 101, 44, 34, 115, 101, 103, 109, 101, 110, 116, 115, 34, 58, 91, 93, 44, 34, 115, 101, 97, 108, 101, 100, 95, 111, 102, 102, 115, 101, 116, 34, 58, 48, 44, 34, 102, 105, 108, 101, 95, 98, 97, 115, 101, 34, 58, 48, 44, 34, 112, 101, 110, 100, 105, 110, 103, 95, 99, 111, 109, 112, 97, 99, 116, 105, 111, 110, 34, 58, 110, 117, 108, 108, 44, 34, 100, 117, 114, 97, 98, 108, 101, 95, 116, 97, 105, 108, 34, 58, 48, 125]

thread 'replication::journal::tests::snapshot_captures_fresh_metadata_without_rewriting_disposable_sidecars' (3551781) panicked at src/replication/journal.rs:1064:17:
assertion `left == right` failed: archive creation must not rewrite disposable sidecars
  left: [123, 34, 105, 100, 34, 58, 48, 44, 34, 112, 97, 116, 104, 34, 58, 34, 47, 102, 114, 101, 115, 104, 34, 44, 34, 99, 111, 110, 116, 101, 110, 116, 95, 116, 121, 112, 101, 34, 58, 34, 97, 112, 112, 108, 105, 99, 97, 116, 105, 111, 110, 47, 111, 99, 116, 101, 116, 45, 115, 116, 114, 101, 97, 109, 34, 44, 34, 116, 116, 108, 95, 115, 101, 99, 111, 110, 100, 115, 34, 58, 49, 44, 34, 101, 120, 112, 105, 114, 101, 115, 95, 97, 116, 95, 117, 110, 105, 120, 34, 58, 110, 117, 108, 108, 44, 34, 101, 120, 112, 105, 114, 101, 115, 95, 97, 116, 95, 114, 97, 119, 34, 58, 110, 117, 108, 108, 44, 34, 99, 114, 101, 97, 116, 101, 95, 99, 108, 111, 115, 101, 100, 34, 58, 102, 97, 108, 115, 101, 44, 34, 102, 111, 114, 107, 101, 100, 95, 102, 114, 111, 109, 34, 58, 110, 117, 108, 108, 44, 34, 102, 111, 114, 107, 95, 111, 102, 102, 115, 101, 116, 95, 114, 97, 119, 34, 58, 110, 117, 108, 108, 44, 34, 102, 111, 114, 107, 95, 115, 117, 98, 95, 111, 102, 102, 115, 101, 116, 34, 58, 110, 117, 108, 108, 44, 34, 98, 97, 115, 101, 95, 111, 102, 102, 115, 101, 116, 34, 58, 48, 44, 34, 99, 108, 111, 115, 101, 100, 34, 58, 102, 97, 108, 115, 101, 44, 34, 99, 108, 111, 115, 101, 100, 95, 98, 121, 34, 58, 110, 117, 108, 108, 44, 34, 112, 114, 111, 100, 117, 99, 101, 114, 115, 34, 58, 123, 34, 115, 110, 97, 112, 115, 104, 111, 116, 45, 112, 34, 58, 123, 34, 101, 112, 111, 99, 104, 34, 58, 55, 44, 34, 108, 97, 115, 116, 95, 115, 101, 113, 34, 58, 49, 125, 125, 44, 34, 108, 97, 115, 116, 95, 115, 101, 113, 95, 104, 101, 97, 100, 101, 114, 34, 58, 110, 117, 108, 108, 44, 34, 108, 97, 115, 116, 95, 97, 99, 99, 101, 115, 115, 95, 117, 110, 105, 120, 34, 58, 49, 44, 34, 108, 97, 115, 116, 95, 97, 99, 99, 101, 115, 115, 95, 109, 105, 108, 108, 105, 115, 34, 58, 49, 49, 49, 48, 44, 34, 101, 120, 112, 105, 114, 101, 115, 95, 97, 116, 95, 109, 105, 108, 108, 105, 115, 34, 58, 110, 117, 108, 108, 44, 34, 114, 101, 102, 95, 99, 111, 117, 110, 116, 34, 58, 48, 44, 34, 115, 111, 102, 116, 95, 100, 101, 108, 101, 116, 101, 100, 34, 58, 102, 97, 108, 115, 101, 44, 34, 115, 101, 103, 109, 101, 110, 116, 115, 34, 58, 91, 93, 44, 34, 115, 101, 97, 108, 101, 100, 95, 111, 102, 102, 115, 101, 116, 34, 58, 48, 44, 34, 102, 105, 108, 101, 95, 98, 97, 115, 101, 34, 58, 48, 44, 34, 112, 101, 110, 100, 105, 110, 103, 95, 99, 111, 109, 112, 97, 99, 116, 105, 111, 110, 34, 58, 110, 117, 108, 108, 44, 34, 100, 117, 114, 97, 98, 108, 101, 95, 116, 97, 105, 108, 34, 58, 49, 56, 125]
 right: [123, 34, 105, 100, 34, 58, 48, 44, 34, 112, 97, 116, 104, 34, 58, 34, 47, 102, 114, 101, 115, 104, 34, 44, 34, 99, 111, 110, 116, 101, 110, 116, 95, 116, 121, 112, 101, 34, 58, 34, 97, 112, 112, 108, 105, 99, 97, 116, 105, 111, 110, 47, 111, 99, 116, 101, 116, 45, 115, 116, 114, 101, 97, 109, 34, 44, 34, 116, 116, 108, 95, 115, 101, 99, 111, 110, 100, 115, 34, 58, 49, 44, 34, 101, 120, 112, 105, 114, 101, 115, 95, 97, 116, 95, 117, 110, 105, 120, 34, 58, 110, 117, 108, 108, 44, 34, 101, 120, 112, 105, 114, 101, 115, 95, 97, 116, 95, 114, 97, 119, 34, 58, 110, 117, 108, 108, 44, 34, 99, 114, 101, 97, 116, 101, 95, 99, 108, 111, 115, 101, 100, 34, 58, 102, 97, 108, 115, 101, 44, 34, 102, 111, 114, 107, 101, 100, 95, 102, 114, 111, 109, 34, 58, 110, 117, 108, 108, 44, 34, 102, 111, 114, 107, 95, 111, 102, 102, 115, 101, 116, 95, 114, 97, 119, 34, 58, 110, 117, 108, 108, 44, 34, 102, 111, 114, 107, 95, 115, 117, 98, 95, 111, 102, 102, 115, 101, 116, 34, 58, 110, 117, 108, 108, 44, 34, 98, 97, 115, 101, 95, 111, 102, 102, 115, 101, 116, 34, 58, 48, 44, 34, 99, 108, 111, 115, 101, 100, 34, 58, 102, 97, 108, 115, 101, 44, 34, 99, 108, 111, 115, 101, 100, 95, 98, 121, 34, 58, 110, 117, 108, 108, 44, 34, 112, 114, 111, 100, 117, 99, 101, 114, 115, 34, 58, 123, 125, 44, 34, 108, 97, 115, 116, 95, 115, 101, 113, 95, 104, 101, 97, 100, 101, 114, 34, 58, 110, 117, 108, 108, 44, 34, 108, 97, 115, 116, 95, 97, 99, 99, 101, 115, 115, 95, 117, 110, 105, 120, 34, 58, 49, 44, 34, 108, 97, 115, 116, 95, 97, 99, 99, 101, 115, 115, 95, 109, 105, 108, 108, 105, 115, 34, 58, 49, 48, 57, 48, 44, 34, 101, 120, 112, 105, 114, 101, 115, 95, 97, 116, 95, 109, 105, 108, 108, 105, 115, 34, 58, 110, 117, 108, 108, 44, 34, 114, 101, 102, 95, 99, 111, 117, 110, 116, 34, 58, 48, 44, 34, 115, 111, 102, 116, 95, 100, 101, 108, 101, 116, 101, 100, 34, 58, 102, 97, 108, 115, 101, 44, 34, 115, 101, 103, 109, 101, 110, 116, 115, 34, 58, 91, 93, 44, 34, 115, 101, 97, 108, 101, 100, 95, 111, 102, 102, 115, 101, 116, 34, 58, 48, 44, 34, 102, 105, 108, 101, 95, 98, 97, 115, 101, 34, 58, 48, 44, 34, 112, 101, 110, 100, 105, 110, 103, 95, 99, 111, 109, 112, 97, 99, 116, 105, 111, 110, 34, 58, 110, 117, 108, 108, 44, 34, 100, 117, 114, 97, 98, 108, 101, 95, 116, 97, 105, 108, 34, 58, 48, 125]

thread 'replication::journal::tests::snapshot_captures_fresh_metadata_without_rewriting_disposable_sidecars' (3551781) panicked at src/replication/journal.rs:1064:17:
assertion `left == right` failed: archive creation must not rewrite disposable sidecars
  left: [123, 34, 105, 100, 34, 58, 48, 44, 34, 112, 97, 116, 104, 34, 58, 34, 47, 102, 114, 101, 115, 104, 34, 44, 34, 99, 111, 110, 116, 101, 110, 116, 95, 116, 121, 112, 101, 34, 58, 34, 97, 112, 112, 108, 105, 99, 97, 116, 105, 111, 110, 47, 111, 99, 116, 101, 116, 45, 115, 116, 114, 101, 97, 109, 34, 44, 34, 116, 116, 108, 95, 115, 101, 99, 111, 110, 100, 115, 34, 58, 49, 44, 34, 101, 120, 112, 105, 114, 101, 115, 95, 97, 116, 95, 117, 110, 105, 120, 34, 58, 110, 117, 108, 108, 44, 34, 101, 120, 112, 105, 114, 101, 115, 95, 97, 116, 95, 114, 97, 119, 34, 58, 110, 117, 108, 108, 44, 34, 99, 114, 101, 97, 116, 101, 95, 99, 108, 111, 115, 101, 100, 34, 58, 102, 97, 108, 115, 101, 44, 34, 102, 111, 114, 107, 101, 100, 95, 102, 114, 111, 109, 34, 58, 110, 117, 108, 108, 44, 34, 102, 111, 114, 107, 95, 111, 102, 102, 115, 101, 116, 95, 114, 97, 119, 34, 58, 110, 117, 108, 108, 44, 34, 102, 111, 114, 107, 95, 115, 117, 98, 95, 111, 102, 102, 115, 101, 116, 34, 58, 110, 117, 108, 108, 44, 34, 98, 97, 115, 101, 95, 111, 102, 102, 115, 101, 116, 34, 58, 48, 44, 34, 99, 108, 111, 115, 101, 100, 34, 58, 102, 97, 108, 115, 101, 44, 34, 99, 108, 111, 115, 101, 100, 95, 98, 121, 34, 58, 110, 117, 108, 108, 44, 34, 112, 114, 111, 100, 117, 99, 101, 114, 115, 34, 58, 123, 34, 115, 110, 97, 112, 115, 104, 111, 116, 45, 112, 34, 58, 123, 34, 101, 112, 111, 99, 104, 34, 58, 55, 44, 34, 108, 97, 115, 116, 95, 115, 101, 113, 34, 58, 49, 125, 125, 44, 34, 108, 97, 115, 116, 95, 115, 101, 113, 95, 104, 101, 97, 100, 101, 114, 34, 58, 110, 117, 108, 108, 44, 34, 108, 97, 115, 116, 95, 97, 99, 99, 101, 115, 115, 95, 117, 110, 105, 120, 34, 58, 49, 44, 34, 108, 97, 115, 116, 95, 97, 99, 99, 101, 115, 115, 95, 109, 105, 108, 108, 105, 115, 34, 58, 49, 49, 49, 48, 44, 34, 101, 120, 112, 105, 114, 101, 115, 95, 97, 116, 95, 109, 105, 108, 108, 105, 115, 34, 58, 110, 117, 108, 108, 44, 34, 114, 101, 102, 95, 99, 111, 117, 110, 116, 34, 58, 48, 44, 34, 115, 111, 102, 116, 95, 100, 101, 108, 101, 116, 101, 100, 34, 58, 102, 97, 108, 115, 101, 44, 34, 115, 101, 103, 109, 101, 110, 116, 115, 34, 58, 91, 93, 44, 34, 115, 101, 97, 108, 101, 100, 95, 111, 102, 102, 115, 101, 116, 34, 58, 48, 44, 34, 102, 105, 108, 101, 95, 98, 97, 115, 101, 34, 58, 48, 44, 34, 112, 101, 110, 100, 105, 110, 103, 95, 99, 111, 109, 112, 97, 99, 116, 105, 111, 110, 34, 58, 110, 117, 108, 108, 44, 34, 100, 117, 114, 97, 98, 108, 101, 95, 116, 97, 105, 108, 34, 58, 49, 55, 125]
 right: [123, 34, 105, 100, 34, 58, 48, 44, 34, 112, 97, 116, 104, 34, 58, 34, 47, 102, 114, 101, 115, 104, 34, 44, 34, 99, 111, 110, 116, 101, 110, 116, 95, 116, 121, 112, 101, 34, 58, 34, 97, 112, 112, 108, 105, 99, 97, 116, 105, 111, 110, 47, 111, 99, 116, 101, 116, 45, 115, 116, 114, 101, 97, 109, 34, 44, 34, 116, 116, 108, 95, 115, 101, 99, 111, 110, 100, 115, 34, 58, 49, 44, 34, 101, 120, 112, 105, 114, 101, 115, 95, 97, 116, 95, 117, 110, 105, 120, 34, 58, 110, 117, 108, 108, 44, 34, 101, 120, 112, 105, 114, 101, 115, 95, 97, 116, 95, 114, 97, 119, 34, 58, 110, 117, 108, 108, 44, 34, 99, 114, 101, 97, 116, 101, 95, 99, 108, 111, 115, 101, 100, 34, 58, 102, 97, 108, 115, 101, 44, 34, 102, 111, 114, 107, 101, 100, 95, 102, 114, 111, 109, 34, 58, 110, 117, 108, 108, 44, 34, 102, 111, 114, 107, 95, 111, 102, 102, 115, 101, 116, 95, 114, 97, 119, 34, 58, 110, 117, 108, 108, 44, 34, 102, 111, 114, 107, 95, 115, 117, 98, 95, 111, 102, 102, 115, 101, 116, 34, 58, 110, 117, 108, 108, 44, 34, 98, 97, 115, 101, 95, 111, 102, 102, 115, 101, 116, 34, 58, 48, 44, 34, 99, 108, 111, 115, 101, 100, 34, 58, 102, 97, 108, 115, 101, 44, 34, 99, 108, 111, 115, 101, 100, 95, 98, 121, 34, 58, 110, 117, 108, 108, 44, 34, 112, 114, 111, 100, 117, 99, 101, 114, 115, 34, 58, 123, 125, 44, 34, 108, 97, 115, 116, 95, 115, 101, 113, 95, 104, 101, 97, 100, 101, 114, 34, 58, 110, 117, 108, 108, 44, 34, 108, 97, 115, 116, 95, 97, 99, 99, 101, 115, 115, 95, 117, 110, 105, 120, 34, 58, 49, 44, 34, 108, 97, 115, 116, 95, 97, 99, 99, 101, 115, 115, 95, 109, 105, 108, 108, 105, 115, 34, 58, 49, 48, 57, 48, 44, 34, 101, 120, 112, 105, 114, 101, 115, 95, 97, 116, 95, 109, 105, 108, 108, 105, 115, 34, 58, 110, 117, 108, 108, 44, 34, 114, 101, 102, 95, 99, 111, 117, 110, 116, 34, 58, 48, 44, 34, 115, 111, 102, 116, 95, 100, 101, 108, 101, 116, 101, 100, 34, 58, 102, 97, 108, 115, 101, 44, 34, 115, 101, 103, 109, 101, 110, 116, 115, 34, 58, 91, 93, 44, 34, 115, 101, 97, 108, 101, 100, 95, 111, 102, 102, 115, 101, 116, 34, 58, 48, 44, 34, 102, 105, 108, 101, 95, 98, 97, 115, 101, 34, 58, 48, 44, 34, 112, 101, 110, 100, 105, 110, 103, 95, 99, 111, 109, 112, 97, 99, 116, 105, 111, 110, 34, 58, 110, 117, 108, 108, 44, 34, 100, 117, 114, 97, 98, 108, 101, 95, 116, 97, 105, 108, 34, 58, 48, 125]

thread 'replication::journal::tests::snapshot_captures_fresh_metadata_without_rewriting_disposable_sidecars' (3551781) panicked at src/replication/journal.rs:1064:17:
assertion `left == right` failed: archive creation must not rewrite disposable sidecars
  left: [123, 34, 105, 100, 34, 58, 48, 44, 34, 112, 97, 116, 104, 34, 58, 34, 47, 102, 114, 101, 115, 104, 34, 44, 34, 99, 111, 110, 116, 101, 110, 116, 95, 116, 121, 112, 101, 34, 58, 34, 97, 112, 112, 108, 105, 99, 97, 116, 105, 111, 110, 47, 111, 99, 116, 101, 116, 45, 115, 116, 114, 101, 97, 109, 34, 44, 34, 116, 116, 108, 95, 115, 101, 99, 111, 110, 100, 115, 34, 58, 49, 44, 34, 101, 120, 112, 105, 114, 101, 115, 95, 97, 116, 95, 117, 110, 105, 120, 34, 58, 110, 117, 108, 108, 44, 34, 101, 120, 112, 105, 114, 101, 115, 95, 97, 116, 95, 114, 97, 119, 34, 58, 110, 117, 108, 108, 44, 34, 99, 114, 101, 97, 116, 101, 95, 99, 108, 111, 115, 101, 100, 34, 58, 102, 97, 108, 115, 101, 44, 34, 102, 111, 114, 107, 101, 100, 95, 102, 114, 111, 109, 34, 58, 110, 117, 108, 108, 44, 34, 102, 111, 114, 107, 95, 111, 102, 102, 115, 101, 116, 95, 114, 97, 119, 34, 58, 110, 117, 108, 108, 44, 34, 102, 111, 114, 107, 95, 115, 117, 98, 95, 111, 102, 102, 115, 101, 116, 34, 58, 110, 117, 108, 108, 44, 34, 98, 97, 115, 101, 95, 111, 102, 102, 115, 101, 116, 34, 58, 48, 44, 34, 99, 108, 111, 115, 101, 100, 34, 58, 102, 97, 108, 115, 101, 44, 34, 99, 108, 111, 115, 101, 100, 95, 98, 121, 34, 58, 110, 117, 108, 108, 44, 34, 112, 114, 111, 100, 117, 99, 101, 114, 115, 34, 58, 123, 34, 115, 110, 97, 112, 115, 104, 111, 116, 45, 112, 34, 58, 123, 34, 101, 112, 111, 99, 104, 34, 58, 55, 44, 34, 108, 97, 115, 116, 95, 115, 101, 113, 34, 58, 49, 125, 125, 44, 34, 108, 97, 115, 116, 95, 115, 101, 113, 95, 104, 101, 97, 100, 101, 114, 34, 58, 110, 117, 108, 108, 44, 34, 108, 97, 115, 116, 95, 97, 99, 99, 101, 115, 115, 95, 117, 110, 105, 120, 34, 58, 49, 44, 34, 108, 97, 115, 116, 95, 97, 99, 99, 101, 115, 115, 95, 109, 105, 108, 108, 105, 115, 34, 58, 49, 49, 49, 48, 44, 34, 101, 120, 112, 105, 114, 101, 115, 95, 97, 116, 95, 109, 105, 108, 108, 105, 115, 34, 58, 110, 117, 108, 108, 44, 34, 114, 101, 102, 95, 99, 111, 117, 110, 116, 34, 58, 48, 44, 34, 115, 111, 102, 116, 95, 100, 101, 108, 101, 116, 101, 100, 34, 58, 102, 97, 108, 115, 101, 44, 34, 115, 101, 103, 109, 101, 110, 116, 115, 34, 58, 91, 93, 44, 34, 115, 101, 97, 108, 101, 100, 95, 111, 102, 102, 115, 101, 116, 34, 58, 48, 44, 34, 102, 105, 108, 101, 95, 98, 97, 115, 101, 34, 58, 48, 44, 34, 112, 101, 110, 100, 105, 110, 103, 95, 99, 111, 109, 112, 97, 99, 116, 105, 111, 110, 34, 58, 110, 117, 108, 108, 44, 34, 100, 117, 114, 97, 98, 108, 101, 95, 116, 97, 105, 108, 34, 58, 49, 54, 125]
 right: [123, 34, 105, 100, 34, 58, 48, 44, 34, 112, 97, 116, 104, 34, 58, 34, 47, 102, 114, 101, 115, 104, 34, 44, 34, 99, 111, 110, 116, 101, 110, 116, 95, 116, 121, 112, 101, 34, 58, 34, 97, 112, 112, 108, 105, 99, 97, 116, 105, 111, 110, 47, 111, 99, 116, 101, 116, 45, 115, 116, 114, 101, 97, 109, 34, 44, 34, 116, 116, 108, 95, 115, 101, 99, 111, 110, 100, 115, 34, 58, 49, 44, 34, 101, 120, 112, 105, 114, 101, 115, 95, 97, 116, 95, 117, 110, 105, 120, 34, 58, 110, 117, 108, 108, 44, 34, 101, 120, 112, 105, 114, 101, 115, 95, 97, 116, 95, 114, 97, 119, 34, 58, 110, 117, 108, 108, 44, 34, 99, 114, 101, 97, 116, 101, 95, 99, 108, 111, 115, 101, 100, 34, 58, 102, 97, 108, 115, 101, 44, 34, 102, 111, 114, 107, 101, 100, 95, 102, 114, 111, 109, 34, 58, 110, 117, 108, 108, 44, 34, 102, 111, 114, 107, 95, 111, 102, 102, 115, 101, 116, 95, 114, 97, 119, 34, 58, 110, 117, 108, 108, 44, 34, 102, 111, 114, 107, 95, 115, 117, 98, 95, 111, 102, 102, 115, 101, 116, 34, 58, 110, 117, 108, 108, 44, 34, 98, 97, 115, 101, 95, 111, 102, 102, 115, 101, 116, 34, 58, 48, 44, 34, 99, 108, 111, 115, 101, 100, 34, 58, 102, 97, 108, 115, 101, 44, 34, 99, 108, 111, 115, 101, 100, 95, 98, 121, 34, 58, 110, 117, 108, 108, 44, 34, 112, 114, 111, 100, 117, 99, 101, 114, 115, 34, 58, 123, 125, 44, 34, 108, 97, 115, 116, 95, 115, 101, 113, 95, 104, 101, 97, 100, 101, 114, 34, 58, 110, 117, 108, 108, 44, 34, 108, 97, 115, 116, 95, 97, 99, 99, 101, 115, 115, 95, 117, 110, 105, 120, 34, 58, 49, 44, 34, 108, 97, 115, 116, 95, 97, 99, 99, 101, 115, 115, 95, 109, 105, 108, 108, 105, 115, 34, 58, 49, 48, 57, 48, 44, 34, 101, 120, 112, 105, 114, 101, 115, 95, 97, 116, 95, 109, 105, 108, 108, 105, 115, 34, 58, 110, 117, 108, 108, 44, 34, 114, 101, 102, 95, 99, 111, 117, 110, 116, 34, 58, 48, 44, 34, 115, 111, 102, 116, 95, 100, 101, 108, 101, 116, 101, 100, 34, 58, 102, 97, 108, 115, 101, 44, 34, 115, 101, 103, 109, 101, 110, 116, 115, 34, 58, 91, 93, 44, 34, 115, 101, 97, 108, 101, 100, 95, 111, 102, 102, 115, 101, 116, 34, 58, 48, 44, 34, 102, 105, 108, 101, 95, 98, 97, 115, 101, 34, 58, 48, 44, 34, 112, 101, 110, 100, 105, 110, 103, 95, 99, 111, 109, 112, 97, 99, 116, 105, 111, 110, 34, 58, 110, 117, 108, 108, 44, 34, 100, 117, 114, 97, 98, 108, 101, 95, 116, 97, 105, 108, 34, 58, 48, 125]

thread 'replication::journal::tests::snapshot_captures_fresh_metadata_without_rewriting_disposable_sidecars' (3551781) panicked at src/replication/journal.rs:1064:17:
assertion `left == right` failed: archive creation must not rewrite disposable sidecars
  left: [123, 34, 105, 100, 34, 58, 48, 44, 34, 112, 97, 116, 104, 34, 58, 34, 47, 102, 114, 101, 115, 104, 34, 44, 34, 99, 111, 110, 116, 101, 110, 116, 95, 116, 121, 112, 101, 34, 58, 34, 97, 112, 112, 108, 105, 99, 97, 116, 105, 111, 110, 47, 111, 99, 116, 101, 116, 45, 115, 116, 114, 101, 97, 109, 34, 44, 34, 116, 116, 108, 95, 115, 101, 99, 111, 110, 100, 115, 34, 58, 49, 44, 34, 101, 120, 112, 105, 114, 101, 115, 95, 97, 116, 95, 117, 110, 105, 120, 34, 58, 110, 117, 108, 108, 44, 34, 101, 120, 112, 105, 114, 101, 115, 95, 97, 116, 95, 114, 97, 119, 34, 58, 110, 117, 108, 108, 44, 34, 99, 114, 101, 97, 116, 101, 95, 99, 108, 111, 115, 101, 100, 34, 58, 102, 97, 108, 115, 101, 44, 34, 102, 111, 114, 107, 101, 100, 95, 102, 114, 111, 109, 34, 58, 110, 117, 108, 108, 44, 34, 102, 111, 114, 107, 95, 111, 102, 102, 115, 101, 116, 95, 114, 97, 119, 34, 58, 110, 117, 108, 108, 44, 34, 102, 111, 114, 107, 95, 115, 117, 98, 95, 111, 102, 102, 115, 101, 116, 34, 58, 110, 117, 108, 108, 44, 34, 98, 97, 115, 101, 95, 111, 102, 102, 115, 101, 116, 34, 58, 48, 44, 34, 99, 108, 111, 115, 101, 100, 34, 58, 102, 97, 108, 115, 101, 44, 34, 99, 108, 111, 115, 101, 100, 95, 98, 121, 34, 58, 110, 117, 108, 108, 44, 34, 112, 114, 111, 100, 117, 99, 101, 114, 115, 34, 58, 123, 34, 115, 110, 97, 112, 115, 104, 111, 116, 45, 112, 34, 58, 123, 34, 101, 112, 111, 99, 104, 34, 58, 55, 44, 34, 108, 97, 115, 116, 95, 115, 101, 113, 34, 58, 49, 125, 125, 44, 34, 108, 97, 115, 116, 95, 115, 101, 113, 95, 104, 101, 97, 100, 101, 114, 34, 58, 110, 117, 108, 108, 44, 34, 108, 97, 115, 116, 95, 97, 99, 99, 101, 115, 115, 95, 117, 110, 105, 120, 34, 58, 49, 44, 34, 108, 97, 115, 116, 95, 97, 99, 99, 101, 115, 115, 95, 109, 105, 108, 108, 105, 115, 34, 58, 49, 49, 49, 48, 44, 34, 101, 120, 112, 105, 114, 101, 115, 95, 97, 116, 95, 109, 105, 108, 108, 105, 115, 34, 58, 110, 117, 108, 108, 44, 34, 114, 101, 102, 95, 99, 111, 117, 110, 116, 34, 58, 48, 44, 34, 115, 111, 102, 116, 95, 100, 101, 108, 101, 116, 101, 100, 34, 58, 102, 97, 108, 115, 101, 44, 34, 115, 101, 103, 109, 101, 110, 116, 115, 34, 58, 91, 93, 44, 34, 115, 101, 97, 108, 101, 100, 95, 111, 102, 102, 115, 101, 116, 34, 58, 48, 44, 34, 102, 105, 108, 101, 95, 98, 97, 115, 101, 34, 58, 48, 44, 34, 112, 101, 110, 100, 105, 110, 103, 95, 99, 111, 109, 112, 97, 99, 116, 105, 111, 110, 34, 58, 110, 117, 108, 108, 44, 34, 100, 117, 114, 97, 98, 108, 101, 95, 116, 97, 105, 108, 34, 58, 49, 53, 125]
 right: [123, 34, 105, 100, 34, 58, 48, 44, 34, 112, 97, 116, 104, 34, 58, 34, 47, 102, 114, 101, 115, 104, 34, 44, 34, 99, 111, 110, 116, 101, 110, 116, 95, 116, 121, 112, 101, 34, 58, 34, 97, 112, 112, 108, 105, 99, 97, 116, 105, 111, 110, 47, 111, 99, 116, 101, 116, 45, 115, 116, 114, 101, 97, 109, 34, 44, 34, 116, 116, 108, 95, 115, 101, 99, 111, 110, 100, 115, 34, 58, 49, 44, 34, 101, 120, 112, 105, 114, 101, 115, 95, 97, 116, 95, 117, 110, 105, 120, 34, 58, 110, 117, 108, 108, 44, 34, 101, 120, 112, 105, 114, 101, 115, 95, 97, 116, 95, 114, 97, 119, 34, 58, 110, 117, 108, 108, 44, 34, 99, 114, 101, 97, 116, 101, 95, 99, 108, 111, 115, 101, 100, 34, 58, 102, 97, 108, 115, 101, 44, 34, 102, 111, 114, 107, 101, 100, 95, 102, 114, 111, 109, 34, 58, 110, 117, 108, 108, 44, 34, 102, 111, 114, 107, 95, 111, 102, 102, 115, 101, 116, 95, 114, 97, 119, 34, 58, 110, 117, 108, 108, 44, 34, 102, 111, 114, 107, 95, 115, 117, 98, 95, 111, 102, 102, 115, 101, 116, 34, 58, 110, 117, 108, 108, 44, 34, 98, 97, 115, 101, 95, 111, 102, 102, 115, 101, 116, 34, 58, 48, 44, 34, 99, 108, 111, 115, 101, 100, 34, 58, 102, 97, 108, 115, 101, 44, 34, 99, 108, 111, 115, 101, 100, 95, 98, 121, 34, 58, 110, 117, 108, 108, 44, 34, 112, 114, 111, 100, 117, 99, 101, 114, 115, 34, 58, 123, 125, 44, 34, 108, 97, 115, 116, 95, 115, 101, 113, 95, 104, 101, 97, 100, 101, 114, 34, 58, 110, 117, 108, 108, 44, 34, 108, 97, 115, 116, 95, 97, 99, 99, 101, 115, 115, 95, 117, 110, 105, 120, 34, 58, 49, 44, 34, 108, 97, 115, 116, 95, 97, 99, 99, 101, 115, 115, 95, 109, 105, 108, 108, 105, 115, 34, 58, 49, 48, 57, 48, 44, 34, 101, 120, 112, 105, 114, 101, 115, 95, 97, 116, 95, 109, 105, 108, 108, 105, 115, 34, 58, 110, 117, 108, 108, 44, 34, 114, 101, 102, 95, 99, 111, 117, 110, 116, 34, 58, 48, 44, 34, 115, 111, 102, 116, 95, 100, 101, 108, 101, 116, 101, 100, 34, 58, 102, 97, 108, 115, 101, 44, 34, 115, 101, 103, 109, 101, 110, 116, 115, 34, 58, 91, 93, 44, 34, 115, 101, 97, 108, 101, 100, 95, 111, 102, 102, 115, 101, 116, 34, 58, 48, 44, 34, 102, 105, 108, 101, 95, 98, 97, 115, 101, 34, 58, 48, 44, 34, 112, 101, 110, 100, 105, 110, 103, 95, 99, 111, 109, 112, 97, 99, 116, 105, 111, 110, 34, 58, 110, 117, 108, 108, 44, 34, 100, 117, 114, 97, 98, 108, 101, 95, 116, 97, 105, 108, 34, 58, 48, 125]

thread 'replication::journal::tests::snapshot_captures_fresh_metadata_without_rewriting_disposable_sidecars' (3551781) panicked at src/replication/journal.rs:1064:17:
assertion `left == right` failed: archive creation must not rewrite disposable sidecars
  left: [123, 34, 105, 100, 34, 58, 48, 44, 34, 112, 97, 116, 104, 34, 58, 34, 47, 102, 114, 101, 115, 104, 34, 44, 34, 99, 111, 110, 116, 101, 110, 116, 95, 116, 121, 112, 101, 34, 58, 34, 97, 112, 112, 108, 105, 99, 97, 116, 105, 111, 110, 47, 111, 99, 116, 101, 116, 45, 115, 116, 114, 101, 97, 109, 34, 44, 34, 116, 116, 108, 95, 115, 101, 99, 111, 110, 100, 115, 34, 58, 49, 44, 34, 101, 120, 112, 105, 114, 101, 115, 95, 97, 116, 95, 117, 110, 105, 120, 34, 58, 110, 117, 108, 108, 44, 34, 101, 120, 112, 105, 114, 101, 115, 95, 97, 116, 95, 114, 97, 119, 34, 58, 110, 117, 108, 108, 44, 34, 99, 114, 101, 97, 116, 101, 95, 99, 108, 111, 115, 101, 100, 34, 58, 102, 97, 108, 115, 101, 44, 34, 102, 111, 114, 107, 101, 100, 95, 102, 114, 111, 109, 34, 58, 110, 117, 108, 108, 44, 34, 102, 111, 114, 107, 95, 111, 102, 102, 115, 101, 116, 95, 114, 97, 119, 34, 58, 110, 117, 108, 108, 44, 34, 102, 111, 114, 107, 95, 115, 117, 98, 95, 111, 102, 102, 115, 101, 116, 34, 58, 110, 117, 108, 108, 44, 34, 98, 97, 115, 101, 95, 111, 102, 102, 115, 101, 116, 34, 58, 48, 44, 34, 99, 108, 111, 115, 101, 100, 34, 58, 102, 97, 108, 115, 101, 44, 34, 99, 108, 111, 115, 101, 100, 95, 98, 121, 34, 58, 110, 117, 108, 108, 44, 34, 112, 114, 111, 100, 117, 99, 101, 114, 115, 34, 58, 123, 34, 115, 110, 97, 112, 115, 104, 111, 116, 45, 112, 34, 58, 123, 34, 101, 112, 111, 99, 104, 34, 58, 55, 44, 34, 108, 97, 115, 116, 95, 115, 101, 113, 34, 58, 49, 125, 125, 44, 34, 108, 97, 115, 116, 95, 115, 101, 113, 95, 104, 101, 97, 100, 101, 114, 34, 58, 110, 117, 108, 108, 44, 34, 108, 97, 115, 116, 95, 97, 99, 99, 101, 115, 115, 95, 117, 110, 105, 120, 34, 58, 49, 44, 34, 108, 97, 115, 116, 95, 97, 99, 99, 101, 115, 115, 95, 109, 105, 108, 108, 105, 115, 34, 58, 49, 49, 49, 48, 44, 34, 101, 120, 112, 105, 114, 101, 115, 95, 97, 116, 95, 109, 105, 108, 108, 105, 115, 34, 58, 110, 117, 108, 108, 44, 34, 114, 101, 102, 95, 99, 111, 117, 110, 116, 34, 58, 48, 44, 34, 115, 111, 102, 116, 95, 100, 101, 108, 101, 116, 101, 100, 34, 58, 102, 97, 108, 115, 101, 44, 34, 115, 101, 103, 109, 101, 110, 116, 115, 34, 58, 91, 93, 44, 34, 115, 101, 97, 108, 101, 100, 95, 111, 102, 102, 115, 101, 116, 34, 58, 48, 44, 34, 102, 105, 108, 101, 95, 98, 97, 115, 101, 34, 58, 48, 44, 34, 112, 101, 110, 100, 105, 110, 103, 95, 99, 111, 109, 112, 97, 99, 116, 105, 111, 110, 34, 58, 110, 117, 108, 108, 44, 34, 100, 117, 114, 97, 98, 108, 101, 95, 116, 97, 105, 108, 34, 58, 49, 52, 125]
 right: [123, 34, 105, 100, 34, 58, 48, 44, 34, 112, 97, 116, 104, 34, 58, 34, 47, 102, 114, 101, 115, 104, 34, 44, 34, 99, 111, 110, 116, 101, 110, 116, 95, 116, 121, 112, 101, 34, 58, 34, 97, 112, 112, 108, 105, 99, 97, 116, 105, 111, 110, 47, 111, 99, 116, 101, 116, 45, 115, 116, 114, 101, 97, 109, 34, 44, 34, 116, 116, 108, 95, 115, 101, 99, 111, 110, 100, 115, 34, 58, 49, 44, 34, 101, 120, 112, 105, 114, 101, 115, 95, 97, 116, 95, 117, 110, 105, 120, 34, 58, 110, 117, 108, 108, 44, 34, 101, 120, 112, 105, 114, 101, 115, 95, 97, 116, 95, 114, 97, 119, 34, 58, 110, 117, 108, 108, 44, 34, 99, 114, 101, 97, 116, 101, 95, 99, 108, 111, 115, 101, 100, 34, 58, 102, 97, 108, 115, 101, 44, 34, 102, 111, 114, 107, 101, 100, 95, 102, 114, 111, 109, 34, 58, 110, 117, 108, 108, 44, 34, 102, 111, 114, 107, 95, 111, 102, 102, 115, 101, 116, 95, 114, 97, 119, 34, 58, 110, 117, 108, 108, 44, 34, 102, 111, 114, 107, 95, 115, 117, 98, 95, 111, 102, 102, 115, 101, 116, 34, 58, 110, 117, 108, 108, 44, 34, 98, 97, 115, 101, 95, 111, 102, 102, 115, 101, 116, 34, 58, 48, 44, 34, 99, 108, 111, 115, 101, 100, 34, 58, 102, 97, 108, 115, 101, 44, 34, 99, 108, 111, 115, 101, 100, 95, 98, 121, 34, 58, 110, 117, 108, 108, 44, 34, 112, 114, 111, 100, 117, 99, 101, 114, 115, 34, 58, 123, 125, 44, 34, 108, 97, 115, 116, 95, 115, 101, 113, 95, 104, 101, 97, 100, 101, 114, 34, 58, 110, 117, 108, 108, 44, 34, 108, 97, 115, 116, 95, 97, 99, 99, 101, 115, 115, 95, 117, 110, 105, 120, 34, 58, 49, 44, 34, 108, 97, 115, 116, 95, 97, 99, 99, 101, 115, 115, 95, 109, 105, 108, 108, 105, 115, 34, 58, 49, 48, 57, 48, 44, 34, 101, 120, 112, 105, 114, 101, 115, 95, 97, 116, 95, 109, 105, 108, 108, 105, 115, 34, 58, 110, 117, 108, 108, 44, 34, 114, 101, 102, 95, 99, 111, 117, 110, 116, 34, 58, 48, 44, 34, 115, 111, 102, 116, 95, 100, 101, 108, 101, 116, 101, 100, 34, 58, 102, 97, 108, 115, 101, 44, 34, 115, 101, 103, 109, 101, 110, 116, 115, 34, 58, 91, 93, 44, 34, 115, 101, 97, 108, 101, 100, 95, 111, 102, 102, 115, 101, 116, 34, 58, 48, 44, 34, 102, 105, 108, 101, 95, 98, 97, 115, 101, 34, 58, 48, 44, 34, 112, 101, 110, 100, 105, 110, 103, 95, 99, 111, 109, 112, 97, 99, 116, 105, 111, 110, 34, 58, 110, 117, 108, 108, 44, 34, 100, 117, 114, 97, 98, 108, 101, 95, 116, 97, 105, 108, 34, 58, 48, 125]

thread 'replication::journal::tests::snapshot_captures_fresh_metadata_without_rewriting_disposable_sidecars' (3551781) panicked at src/replication/journal.rs:1064:17:
assertion `left == right` failed: archive creation must not rewrite disposable sidecars
  left: [123, 34, 105, 100, 34, 58, 48, 44, 34, 112, 97, 116, 104, 34, 58, 34, 47, 102, 114, 101, 115, 104, 34, 44, 34, 99, 111, 110, 116, 101, 110, 116, 95, 116, 121, 112, 101, 34, 58, 34, 97, 112, 112, 108, 105, 99, 97, 116, 105, 111, 110, 47, 111, 99, 116, 101, 116, 45, 115, 116, 114, 101, 97, 109, 34, 44, 34, 116, 116, 108, 95, 115, 101, 99, 111, 110, 100, 115, 34, 58, 49, 44, 34, 101, 120, 112, 105, 114, 101, 115, 95, 97, 116, 95, 117, 110, 105, 120, 34, 58, 110, 117, 108, 108, 44, 34, 101, 120, 112, 105, 114, 101, 115, 95, 97, 116, 95, 114, 97, 119, 34, 58, 110, 117, 108, 108, 44, 34, 99, 114, 101, 97, 116, 101, 95, 99, 108, 111, 115, 101, 100, 34, 58, 102, 97, 108, 115, 101, 44, 34, 102, 111, 114, 107, 101, 100, 95, 102, 114, 111, 109, 34, 58, 110, 117, 108, 108, 44, 34, 102, 111, 114, 107, 95, 111, 102, 102, 115, 101, 116, 95, 114, 97, 119, 34, 58, 110, 117, 108, 108, 44, 34, 102, 111, 114, 107, 95, 115, 117, 98, 95, 111, 102, 102, 115, 101, 116, 34, 58, 110, 117, 108, 108, 44, 34, 98, 97, 115, 101, 95, 111, 102, 102, 115, 101, 116, 34, 58, 48, 44, 34, 99, 108, 111, 115, 101, 100, 34, 58, 102, 97, 108, 115, 101, 44, 34, 99, 108, 111, 115, 101, 100, 95, 98, 121, 34, 58, 110, 117, 108, 108, 44, 34, 112, 114, 111, 100, 117, 99, 101, 114, 115, 34, 58, 123, 34, 115, 110, 97, 112, 115, 104, 111, 116, 45, 112, 34, 58, 123, 34, 101, 112, 111, 99, 104, 34, 58, 55, 44, 34, 108, 97, 115, 116, 95, 115, 101, 113, 34, 58, 49, 125, 125, 44, 34, 108, 97, 115, 116, 95, 115, 101, 113, 95, 104, 101, 97, 100, 101, 114, 34, 58, 110, 117, 108, 108, 44, 34, 108, 97, 115, 116, 95, 97, 99, 99, 101, 115, 115, 95, 117, 110, 105, 120, 34, 58, 49, 44, 34, 108, 97, 115, 116, 95, 97, 99, 99, 101, 115, 115, 95, 109, 105, 108, 108, 105, 115, 34, 58, 49, 49, 49, 48, 44, 34, 101, 120, 112, 105, 114, 101, 115, 95, 97, 116, 95, 109, 105, 108, 108, 105, 115, 34, 58, 110, 117, 108, 108, 44, 34, 114, 101, 102, 95, 99, 111, 117, 110, 116, 34, 58, 48, 44, 34, 115, 111, 102, 116, 95, 100, 101, 108, 101, 116, 101, 100, 34, 58, 102, 97, 108, 115, 101, 44, 34, 115, 101, 103, 109, 101, 110, 116, 115, 34, 58, 91, 93, 44, 34, 115, 101, 97, 108, 101, 100, 95, 111, 102, 102, 115, 101, 116, 34, 58, 48, 44, 34, 102, 105, 108, 101, 95, 98, 97, 115, 101, 34, 58, 48, 44, 34, 112, 101, 110, 100, 105, 110, 103, 95, 99, 111, 109, 112, 97, 99, 116, 105, 111, 110, 34, 58, 110, 117, 108, 108, 44, 34, 100, 117, 114, 97, 98, 108, 101, 95, 116, 97, 105, 108, 34, 58, 49, 51, 125]
 right: [123, 34, 105, 100, 34, 58, 48, 44, 34, 112, 97, 116, 104, 34, 58, 34, 47, 102, 114, 101, 115, 104, 34, 44, 34, 99, 111, 110, 116, 101, 110, 116, 95, 116, 121, 112, 101, 34, 58, 34, 97, 112, 112, 108, 105, 99, 97, 116, 105, 111, 110, 47, 111, 99, 116, 101, 116, 45, 115, 116, 114, 101, 97, 109, 34, 44, 34, 116, 116, 108, 95, 115, 101, 99, 111, 110, 100, 115, 34, 58, 49, 44, 34, 101, 120, 112, 105, 114, 101, 115, 95, 97, 116, 95, 117, 110, 105, 120, 34, 58, 110, 117, 108, 108, 44, 34, 101, 120, 112, 105, 114, 101, 115, 95, 97, 116, 95, 114, 97, 119, 34, 58, 110, 117, 108, 108, 44, 34, 99, 114, 101, 97, 116, 101, 95, 99, 108, 111, 115, 101, 100, 34, 58, 102, 97, 108, 115, 101, 44, 34, 102, 111, 114, 107, 101, 100, 95, 102, 114, 111, 109, 34, 58, 110, 117, 108, 108, 44, 34, 102, 111, 114, 107, 95, 111, 102, 102, 115, 101, 116, 95, 114, 97, 119, 34, 58, 110, 117, 108, 108, 44, 34, 102, 111, 114, 107, 95, 115, 117, 98, 95, 111, 102, 102, 115, 101, 116, 34, 58, 110, 117, 108, 108, 44, 34, 98, 97, 115, 101, 95, 111, 102, 102, 115, 101, 116, 34, 58, 48, 44, 34, 99, 108, 111, 115, 101, 100, 34, 58, 102, 97, 108, 115, 101, 44, 34, 99, 108, 111, 115, 101, 100, 95, 98, 121, 34, 58, 110, 117, 108, 108, 44, 34, 112, 114, 111, 100, 117, 99, 101, 114, 115, 34, 58, 123, 125, 44, 34, 108, 97, 115, 116, 95, 115, 101, 113, 95, 104, 101, 97, 100, 101, 114, 34, 58, 110, 117, 108, 108, 44, 34, 108, 97, 115, 116, 95, 97, 99, 99, 101, 115, 115, 95, 117, 110, 105, 120, 34, 58, 49, 44, 34, 108, 97, 115, 116, 95, 97, 99, 99, 101, 115, 115, 95, 109, 105, 108, 108, 105, 115, 34, 58, 49, 48, 57, 48, 44, 34, 101, 120, 112, 105, 114, 101, 115, 95, 97, 116, 95, 109, 105, 108, 108, 105, 115, 34, 58, 110, 117, 108, 108, 44, 34, 114, 101, 102, 95, 99, 111, 117, 110, 116, 34, 58, 48, 44, 34, 115, 111, 102, 116, 95, 100, 101, 108, 101, 116, 101, 100, 34, 58, 102, 97, 108, 115, 101, 44, 34, 115, 101, 103, 109, 101, 110, 116, 115, 34, 58, 91, 93, 44, 34, 115, 101, 97, 108, 101, 100, 95, 111, 102, 102, 115, 101, 116, 34, 58, 48, 44, 34, 102, 105, 108, 101, 95, 98, 97, 115, 101, 34, 58, 48, 44, 34, 112, 101, 110, 100, 105, 110, 103, 95, 99, 111, 109, 112, 97, 99, 116, 105, 111, 110, 34, 58, 110, 117, 108, 108, 44, 34, 100, 117, 114, 97, 98, 108, 101, 95, 116, 97, 105, 108, 34, 58, 48, 125]

thread 'replication::journal::tests::snapshot_captures_fresh_metadata_without_rewriting_disposable_sidecars' (3551781) panicked at src/replication/journal.rs:1064:17:
assertion `left == right` failed: archive creation must not rewrite disposable sidecars
  left: [123, 34, 105, 100, 34, 58, 48, 44, 34, 112, 97, 116, 104, 34, 58, 34, 47, 102, 114, 101, 115, 104, 34, 44, 34, 99, 111, 110, 116, 101, 110, 116, 95, 116, 121, 112, 101, 34, 58, 34, 97, 112, 112, 108, 105, 99, 97, 116, 105, 111, 110, 47, 111, 99, 116, 101, 116, 45, 115, 116, 114, 101, 97, 109, 34, 44, 34, 116, 116, 108, 95, 115, 101, 99, 111, 110, 100, 115, 34, 58, 49, 44, 34, 101, 120, 112, 105, 114, 101, 115, 95, 97, 116, 95, 117, 110, 105, 120, 34, 58, 110, 117, 108, 108, 44, 34, 101, 120, 112, 105, 114, 101, 115, 95, 97, 116, 95, 114, 97, 119, 34, 58, 110, 117, 108, 108, 44, 34, 99, 114, 101, 97, 116, 101, 95, 99, 108, 111, 115, 101, 100, 34, 58, 102, 97, 108, 115, 101, 44, 34, 102, 111, 114, 107, 101, 100, 95, 102, 114, 111, 109, 34, 58, 110, 117, 108, 108, 44, 34, 102, 111, 114, 107, 95, 111, 102, 102, 115, 101, 116, 95, 114, 97, 119, 34, 58, 110, 117, 108, 108, 44, 34, 102, 111, 114, 107, 95, 115, 117, 98, 95, 111, 102, 102, 115, 101, 116, 34, 58, 110, 117, 108, 108, 44, 34, 98, 97, 115, 101, 95, 111, 102, 102, 115, 101, 116, 34, 58, 48, 44, 34, 99, 108, 111, 115, 101, 100, 34, 58, 102, 97, 108, 115, 101, 44, 34, 99, 108, 111, 115, 101, 100, 95, 98, 121, 34, 58, 110, 117, 108, 108, 44, 34, 112, 114, 111, 100, 117, 99, 101, 114, 115, 34, 58, 123, 34, 115, 110, 97, 112, 115, 104, 111, 116, 45, 112, 34, 58, 123, 34, 101, 112, 111, 99, 104, 34, 58, 55, 44, 34, 108, 97, 115, 116, 95, 115, 101, 113, 34, 58, 49, 125, 125, 44, 34, 108, 97, 115, 116, 95, 115, 101, 113, 95, 104, 101, 97, 100, 101, 114, 34, 58, 110, 117, 108, 108, 44, 34, 108, 97, 115, 116, 95, 97, 99, 99, 101, 115, 115, 95, 117, 110, 105, 120, 34, 58, 49, 44, 34, 108, 97, 115, 116, 95, 97, 99, 99, 101, 115, 115, 95, 109, 105, 108, 108, 105, 115, 34, 58, 49, 49, 49, 48, 44, 34, 101, 120, 112, 105, 114, 101, 115, 95, 97, 116, 95, 109, 105, 108, 108, 105, 115, 34, 58, 110, 117, 108, 108, 44, 34, 114, 101, 102, 95, 99, 111, 117, 110, 116, 34, 58, 48, 44, 34, 115, 111, 102, 116, 95, 100, 101, 108, 101, 116, 101, 100, 34, 58, 102, 97, 108, 115, 101, 44, 34, 115, 101, 103, 109, 101, 110, 116, 115, 34, 58, 91, 93, 44, 34, 115, 101, 97, 108, 101, 100, 95, 111, 102, 102, 115, 101, 116, 34, 58, 48, 44, 34, 102, 105, 108, 101, 95, 98, 97, 115, 101, 34, 58, 48, 44, 34, 112, 101, 110, 100, 105, 110, 103, 95, 99, 111, 109, 112, 97, 99, 116, 105, 111, 110, 34, 58, 110, 117, 108, 108, 44, 34, 100, 117, 114, 97, 98, 108, 101, 95, 116, 97, 105, 108, 34, 58, 49, 50, 125]
 right: [123, 34, 105, 100, 34, 58, 48, 44, 34, 112, 97, 116, 104, 34, 58, 34, 47, 102, 114, 101, 115, 104, 34, 44, 34, 99, 111, 110, 116, 101, 110, 116, 95, 116, 121, 112, 101, 34, 58, 34, 97, 112, 112, 108, 105, 99, 97, 116, 105, 111, 110, 47, 111, 99, 116, 101, 116, 45, 115, 116, 114, 101, 97, 109, 34, 44, 34, 116, 116, 108, 95, 115, 101, 99, 111, 110, 100, 115, 34, 58, 49, 44, 34, 101, 120, 112, 105, 114, 101, 115, 95, 97, 116, 95, 117, 110, 105, 120, 34, 58, 110, 117, 108, 108, 44, 34, 101, 120, 112, 105, 114, 101, 115, 95, 97, 116, 95, 114, 97, 119, 34, 58, 110, 117, 108, 108, 44, 34, 99, 114, 101, 97, 116, 101, 95, 99, 108, 111, 115, 101, 100, 34, 58, 102, 97, 108, 115, 101, 44, 34, 102, 111, 114, 107, 101, 100, 95, 102, 114, 111, 109, 34, 58, 110, 117, 108, 108, 44, 34, 102, 111, 114, 107, 95, 111, 102, 102, 115, 101, 116, 95, 114, 97, 119, 34, 58, 110, 117, 108, 108, 44, 34, 102, 111, 114, 107, 95, 115, 117, 98, 95, 111, 102, 102, 115, 101, 116, 34, 58, 110, 117, 108, 108, 44, 34, 98, 97, 115, 101, 95, 111, 102, 102, 115, 101, 116, 34, 58, 48, 44, 34, 99, 108, 111, 115, 101, 100, 34, 58, 102, 97, 108, 115, 101, 44, 34, 99, 108, 111, 115, 101, 100, 95, 98, 121, 34, 58, 110, 117, 108, 108, 44, 34, 112, 114, 111, 100, 117, 99, 101, 114, 115, 34, 58, 123, 125, 44, 34, 108, 97, 115, 116, 95, 115, 101, 113, 95, 104, 101, 97, 100, 101, 114, 34, 58, 110, 117, 108, 108, 44, 34, 108, 97, 115, 116, 95, 97, 99, 99, 101, 115, 115, 95, 117, 110, 105, 120, 34, 58, 49, 44, 34, 108, 97, 115, 116, 95, 97, 99, 99, 101, 115, 115, 95, 109, 105, 108, 108, 105, 115, 34, 58, 49, 48, 57, 48, 44, 34, 101, 120, 112, 105, 114, 101, 115, 95, 97, 116, 95, 109, 105, 108, 108, 105, 115, 34, 58, 110, 117, 108, 108, 44, 34, 114, 101, 102, 95, 99, 111, 117, 110, 116, 34, 58, 48, 44, 34, 115, 111, 102, 116, 95, 100, 101, 108, 101, 116, 101, 100, 34, 58, 102, 97, 108, 115, 101, 44, 34, 115, 101, 103, 109, 101, 110, 116, 115, 34, 58, 91, 93, 44, 34, 115, 101, 97, 108, 101, 100, 95, 111, 102, 102, 115, 101, 116, 34, 58, 48, 44, 34, 102, 105, 108, 101, 95, 98, 97, 115, 101, 34, 58, 48, 44, 34, 112, 101, 110, 100, 105, 110, 103, 95, 99, 111, 109, 112, 97, 99, 116, 105, 111, 110, 34, 58, 110, 117, 108, 108, 44, 34, 100, 117, 114, 97, 98, 108, 101, 95, 116, 97, 105, 108, 34, 58, 48, 125]

thread 'replication::journal::tests::snapshot_captures_fresh_metadata_without_rewriting_disposable_sidecars' (3551781) panicked at src/replication/journal.rs:1064:17:
assertion `left == right` failed: archive creation must not rewrite disposable sidecars
  left: [123, 34, 105, 100, 34, 58, 48, 44, 34, 112, 97, 116, 104, 34, 58, 34, 47, 102, 114, 101, 115, 104, 34, 44, 34, 99, 111, 110, 116, 101, 110, 116, 95, 116, 121, 112, 101, 34, 58, 34, 97, 112, 112, 108, 105, 99, 97, 116, 105, 111, 110, 47, 111, 99, 116, 101, 116, 45, 115, 116, 114, 101, 97, 109, 34, 44, 34, 116, 116, 108, 95, 115, 101, 99, 111, 110, 100, 115, 34, 58, 49, 44, 34, 101, 120, 112, 105, 114, 101, 115, 95, 97, 116, 95, 117, 110, 105, 120, 34, 58, 110, 117, 108, 108, 44, 34, 101, 120, 112, 105, 114, 101, 115, 95, 97, 116, 95, 114, 97, 119, 34, 58, 110, 117, 108, 108, 44, 34, 99, 114, 101, 97, 116, 101, 95, 99, 108, 111, 115, 101, 100, 34, 58, 102, 97, 108, 115, 101, 44, 34, 102, 111, 114, 107, 101, 100, 95, 102, 114, 111, 109, 34, 58, 110, 117, 108, 108, 44, 34, 102, 111, 114, 107, 95, 111, 102, 102, 115, 101, 116, 95, 114, 97, 119, 34, 58, 110, 117, 108, 108, 44, 34, 102, 111, 114, 107, 95, 115, 117, 98, 95, 111, 102, 102, 115, 101, 116, 34, 58, 110, 117, 108, 108, 44, 34, 98, 97, 115, 101, 95, 111, 102, 102, 115, 101, 116, 34, 58, 48, 44, 34, 99, 108, 111, 115, 101, 100, 34, 58, 102, 97, 108, 115, 101, 44, 34, 99, 108, 111, 115, 101, 100, 95, 98, 121, 34, 58, 110, 117, 108, 108, 44, 34, 112, 114, 111, 100, 117, 99, 101, 114, 115, 34, 58, 123, 34, 115, 110, 97, 112, 115, 104, 111, 116, 45, 112, 34, 58, 123, 34, 101, 112, 111, 99, 104, 34, 58, 55, 44, 34, 108, 97, 115, 116, 95, 115, 101, 113, 34, 58, 49, 125, 125, 44, 34, 108, 97, 115, 116, 95, 115, 101, 113, 95, 104, 101, 97, 100, 101, 114, 34, 58, 110, 117, 108, 108, 44, 34, 108, 97, 115, 116, 95, 97, 99, 99, 101, 115, 115, 95, 117, 110, 105, 120, 34, 58, 49, 44, 34, 108, 97, 115, 116, 95, 97, 99, 99, 101, 115, 115, 95, 109, 105, 108, 108, 105, 115, 34, 58, 49, 49, 49, 48, 44, 34, 101, 120, 112, 105, 114, 101, 115, 95, 97, 116, 95, 109, 105, 108, 108, 105, 115, 34, 58, 110, 117, 108, 108, 44, 34, 114, 101, 102, 95, 99, 111, 117, 110, 116, 34, 58, 48, 44, 34, 115, 111, 102, 116, 95, 100, 101, 108, 101, 116, 101, 100, 34, 58, 102, 97, 108, 115, 101, 44, 34, 115, 101, 103, 109, 101, 110, 116, 115, 34, 58, 91, 93, 44, 34, 115, 101, 97, 108, 101, 100, 95, 111, 102, 102, 115, 101, 116, 34, 58, 48, 44, 34, 102, 105, 108, 101, 95, 98, 97, 115, 101, 34, 58, 48, 44, 34, 112, 101, 110, 100, 105, 110, 103, 95, 99, 111, 109, 112, 97, 99, 116, 105, 111, 110, 34, 58, 110, 117, 108, 108, 44, 34, 100, 117, 114, 97, 98, 108, 101, 95, 116, 97, 105, 108, 34, 58, 49, 49, 125]
 right: [123, 34, 105, 100, 34, 58, 48, 44, 34, 112, 97, 116, 104, 34, 58, 34, 47, 102, 114, 101, 115, 104, 34, 44, 34, 99, 111, 110, 116, 101, 110, 116, 95, 116, 121, 112, 101, 34, 58, 34, 97, 112, 112, 108, 105, 99, 97, 116, 105, 111, 110, 47, 111, 99, 116, 101, 116, 45, 115, 116, 114, 101, 97, 109, 34, 44, 34, 116, 116, 108, 95, 115, 101, 99, 111, 110, 100, 115, 34, 58, 49, 44, 34, 101, 120, 112, 105, 114, 101, 115, 95, 97, 116, 95, 117, 110, 105, 120, 34, 58, 110, 117, 108, 108, 44, 34, 101, 120, 112, 105, 114, 101, 115, 95, 97, 116, 95, 114, 97, 119, 34, 58, 110, 117, 108, 108, 44, 34, 99, 114, 101, 97, 116, 101, 95, 99, 108, 111, 115, 101, 100, 34, 58, 102, 97, 108, 115, 101, 44, 34, 102, 111, 114, 107, 101, 100, 95, 102, 114, 111, 109, 34, 58, 110, 117, 108, 108, 44, 34, 102, 111, 114, 107, 95, 111, 102, 102, 115, 101, 116, 95, 114, 97, 119, 34, 58, 110, 117, 108, 108, 44, 34, 102, 111, 114, 107, 95, 115, 117, 98, 95, 111, 102, 102, 115, 101, 116, 34, 58, 110, 117, 108, 108, 44, 34, 98, 97, 115, 101, 95, 111, 102, 102, 115, 101, 116, 34, 58, 48, 44, 34, 99, 108, 111, 115, 101, 100, 34, 58, 102, 97, 108, 115, 101, 44, 34, 99, 108, 111, 115, 101, 100, 95, 98, 121, 34, 58, 110, 117, 108, 108, 44, 34, 112, 114, 111, 100, 117, 99, 101, 114, 115, 34, 58, 123, 125, 44, 34, 108, 97, 115, 116, 95, 115, 101, 113, 95, 104, 101, 97, 100, 101, 114, 34, 58, 110, 117, 108, 108, 44, 34, 108, 97, 115, 116, 95, 97, 99, 99, 101, 115, 115, 95, 117, 110, 105, 120, 34, 58, 49, 44, 34, 108, 97, 115, 116, 95, 97, 99, 99, 101, 115, 115, 95, 109, 105, 108, 108, 105, 115, 34, 58, 49, 48, 57, 48, 44, 34, 101, 120, 112, 105, 114, 101, 115, 95, 97, 116, 95, 109, 105, 108, 108, 105, 115, 34, 58, 110, 117, 108, 108, 44, 34, 114, 101, 102, 95, 99, 111, 117, 110, 116, 34, 58, 48, 44, 34, 115, 111, 102, 116, 95, 100, 101, 108, 101, 116, 101, 100, 34, 58, 102, 97, 108, 115, 101, 44, 34, 115, 101, 103, 109, 101, 110, 116, 115, 34, 58, 91, 93, 44, 34, 115, 101, 97, 108, 101, 100, 95, 111, 102, 102, 115, 101, 116, 34, 58, 48, 44, 34, 102, 105, 108, 101, 95, 98, 97, 115, 101, 34, 58, 48, 44, 34, 112, 101, 110, 100, 105, 110, 103, 95, 99, 111, 109, 112, 97, 99, 116, 105, 111, 110, 34, 58, 110, 117, 108, 108, 44, 34, 100, 117, 114, 97, 98, 108, 101, 95, 116, 97, 105, 108, 34, 58, 48, 125]

thread 'replication::journal::tests::snapshot_captures_fresh_metadata_without_rewriting_disposable_sidecars' (3551781) panicked at src/replication/journal.rs:1064:17:
assertion `left == right` failed: archive creation must not rewrite disposable sidecars
  left: [123, 34, 105, 100, 34, 58, 48, 44, 34, 112, 97, 116, 104, 34, 58, 34, 47, 102, 114, 101, 115, 104, 34, 44, 34, 99, 111, 110, 116, 101, 110, 116, 95, 116, 121, 112, 101, 34, 58, 34, 97, 112, 112, 108, 105, 99, 97, 116, 105, 111, 110, 47, 111, 99, 116, 101, 116, 45, 115, 116, 114, 101, 97, 109, 34, 44, 34, 116, 116, 108, 95, 115, 101, 99, 111, 110, 100, 115, 34, 58, 49, 44, 34, 101, 120, 112, 105, 114, 101, 115, 95, 97, 116, 95, 117, 110, 105, 120, 34, 58, 110, 117, 108, 108, 44, 34, 101, 120, 112, 105, 114, 101, 115, 95, 97, 116, 95, 114, 97, 119, 34, 58, 110, 117, 108, 108, 44, 34, 99, 114, 101, 97, 116, 101, 95, 99, 108, 111, 115, 101, 100, 34, 58, 102, 97, 108, 115, 101, 44, 34, 102, 111, 114, 107, 101, 100, 95, 102, 114, 111, 109, 34, 58, 110, 117, 108, 108, 44, 34, 102, 111, 114, 107, 95, 111, 102, 102, 115, 101, 116, 95, 114, 97, 119, 34, 58, 110, 117, 108, 108, 44, 34, 102, 111, 114, 107, 95, 115, 117, 98, 95, 111, 102, 102, 115, 101, 116, 34, 58, 110, 117, 108, 108, 44, 34, 98, 97, 115, 101, 95, 111, 102, 102, 115, 101, 116, 34, 58, 48, 44, 34, 99, 108, 111, 115, 101, 100, 34, 58, 102, 97, 108, 115, 101, 44, 34, 99, 108, 111, 115, 101, 100, 95, 98, 121, 34, 58, 110, 117, 108, 108, 44, 34, 112, 114, 111, 100, 117, 99, 101, 114, 115, 34, 58, 123, 34, 115, 110, 97, 112, 115, 104, 111, 116, 45, 112, 34, 58, 123, 34, 101, 112, 111, 99, 104, 34, 58, 55, 44, 34, 108, 97, 115, 116, 95, 115, 101, 113, 34, 58, 49, 125, 125, 44, 34, 108, 97, 115, 116, 95, 115, 101, 113, 95, 104, 101, 97, 100, 101, 114, 34, 58, 110, 117, 108, 108, 44, 34, 108, 97, 115, 116, 95, 97, 99, 99, 101, 115, 115, 95, 117, 110, 105, 120, 34, 58, 49, 44, 34, 108, 97, 115, 116, 95, 97, 99, 99, 101, 115, 115, 95, 109, 105, 108, 108, 105, 115, 34, 58, 49, 49, 49, 48, 44, 34, 101, 120, 112, 105, 114, 101, 115, 95, 97, 116, 95, 109, 105, 108, 108, 105, 115, 34, 58, 110, 117, 108, 108, 44, 34, 114, 101, 102, 95, 99, 111, 117, 110, 116, 34, 58, 48, 44, 34, 115, 111, 102, 116, 95, 100, 101, 108, 101, 116, 101, 100, 34, 58, 102, 97, 108, 115, 101, 44, 34, 115, 101, 103, 109, 101, 110, 116, 115, 34, 58, 91, 93, 44, 34, 115, 101, 97, 108, 101, 100, 95, 111, 102, 102, 115, 101, 116, 34, 58, 48, 44, 34, 102, 105, 108, 101, 95, 98, 97, 115, 101, 34, 58, 48, 44, 34, 112, 101, 110, 100, 105, 110, 103, 95, 99, 111, 109, 112, 97, 99, 116, 105, 111, 110, 34, 58, 110, 117, 108, 108, 44, 34, 100, 117, 114, 97, 98, 108, 101, 95, 116, 97, 105, 108, 34, 58, 49, 48, 125]
 right: [123, 34, 105, 100, 34, 58, 48, 44, 34, 112, 97, 116, 104, 34, 58, 34, 47, 102, 114, 101, 115, 104, 34, 44, 34, 99, 111, 110, 116, 101, 110, 116, 95, 116, 121, 112, 101, 34, 58, 34, 97, 112, 112, 108, 105, 99, 97, 116, 105, 111, 110, 47, 111, 99, 116, 101, 116, 45, 115, 116, 114, 101, 97, 109, 34, 44, 34, 116, 116, 108, 95, 115, 101, 99, 111, 110, 100, 115, 34, 58, 49, 44, 34, 101, 120, 112, 105, 114, 101, 115, 95, 97, 116, 95, 117, 110, 105, 120, 34, 58, 110, 117, 108, 108, 44, 34, 101, 120, 112, 105, 114, 101, 115, 95, 97, 116, 95, 114, 97, 119, 34, 58, 110, 117, 108, 108, 44, 34, 99, 114, 101, 97, 116, 101, 95, 99, 108, 111, 115, 101, 100, 34, 58, 102, 97, 108, 115, 101, 44, 34, 102, 111, 114, 107, 101, 100, 95, 102, 114, 111, 109, 34, 58, 110, 117, 108, 108, 44, 34, 102, 111, 114, 107, 95, 111, 102, 102, 115, 101, 116, 95, 114, 97, 119, 34, 58, 110, 117, 108, 108, 44, 34, 102, 111, 114, 107, 95, 115, 117, 98, 95, 111, 102, 102, 115, 101, 116, 34, 58, 110, 117, 108, 108, 44, 34, 98, 97, 115, 101, 95, 111, 102, 102, 115, 101, 116, 34, 58, 48, 44, 34, 99, 108, 111, 115, 101, 100, 34, 58, 102, 97, 108, 115, 101, 44, 34, 99, 108, 111, 115, 101, 100, 95, 98, 121, 34, 58, 110, 117, 108, 108, 44, 34, 112, 114, 111, 100, 117, 99, 101, 114, 115, 34, 58, 123, 125, 44, 34, 108, 97, 115, 116, 95, 115, 101, 113, 95, 104, 101, 97, 100, 101, 114, 34, 58, 110, 117, 108, 108, 44, 34, 108, 97, 115, 116, 95, 97, 99, 99, 101, 115, 115, 95, 117, 110, 105, 120, 34, 58, 49, 44, 34, 108, 97, 115, 116, 95, 97, 99, 99, 101, 115, 115, 95, 109, 105, 108, 108, 105, 115, 34, 58, 49, 48, 57, 48, 44, 34, 101, 120, 112, 105, 114, 101, 115, 95, 97, 116, 95, 109, 105, 108, 108, 105, 115, 34, 58, 110, 117, 108, 108, 44, 34, 114, 101, 102, 95, 99, 111, 117, 110, 116, 34, 58, 48, 44, 34, 115, 111, 102, 116, 95, 100, 101, 108, 101, 116, 101, 100, 34, 58, 102, 97, 108, 115, 101, 44, 34, 115, 101, 103, 109, 101, 110, 116, 115, 34, 58, 91, 93, 44, 34, 115, 101, 97, 108, 101, 100, 95, 111, 102, 102, 115, 101, 116, 34, 58, 48, 44, 34, 102, 105, 108, 101, 95, 98, 97, 115, 101, 34, 58, 48, 44, 34, 112, 101, 110, 100, 105, 110, 103, 95, 99, 111, 109, 112, 97, 99, 116, 105, 111, 110, 34, 58, 110, 117, 108, 108, 44, 34, 100, 117, 114, 97, 98, 108, 101, 95, 116, 97, 105, 108, 34, 58, 48, 125]

thread 'replication::journal::tests::snapshot_captures_fresh_metadata_without_rewriting_disposable_sidecars' (3551781) panicked at src/replication/journal.rs:1064:17:
assertion `left == right` failed: archive creation must not rewrite disposable sidecars
  left: [123, 34, 105, 100, 34, 58, 48, 44, 34, 112, 97, 116, 104, 34, 58, 34, 47, 102, 114, 101, 115, 104, 34, 44, 34, 99, 111, 110, 116, 101, 110, 116, 95, 116, 121, 112, 101, 34, 58, 34, 97, 112, 112, 108, 105, 99, 97, 116, 105, 111, 110, 47, 111, 99, 116, 101, 116, 45, 115, 116, 114, 101, 97, 109, 34, 44, 34, 116, 116, 108, 95, 115, 101, 99, 111, 110, 100, 115, 34, 58, 49, 44, 34, 101, 120, 112, 105, 114, 101, 115, 95, 97, 116, 95, 117, 110, 105, 120, 34, 58, 110, 117, 108, 108, 44, 34, 101, 120, 112, 105, 114, 101, 115, 95, 97, 116, 95, 114, 97, 119, 34, 58, 110, 117, 108, 108, 44, 34, 99, 114, 101, 97, 116, 101, 95, 99, 108, 111, 115, 101, 100, 34, 58, 102, 97, 108, 115, 101, 44, 34, 102, 111, 114, 107, 101, 100, 95, 102, 114, 111, 109, 34, 58, 110, 117, 108, 108, 44, 34, 102, 111, 114, 107, 95, 111, 102, 102, 115, 101, 116, 95, 114, 97, 119, 34, 58, 110, 117, 108, 108, 44, 34, 102, 111, 114, 107, 95, 115, 117, 98, 95, 111, 102, 102, 115, 101, 116, 34, 58, 110, 117, 108, 108, 44, 34, 98, 97, 115, 101, 95, 111, 102, 102, 115, 101, 116, 34, 58, 48, 44, 34, 99, 108, 111, 115, 101, 100, 34, 58, 102, 97, 108, 115, 101, 44, 34, 99, 108, 111, 115, 101, 100, 95, 98, 121, 34, 58, 110, 117, 108, 108, 44, 34, 112, 114, 111, 100, 117, 99, 101, 114, 115, 34, 58, 123, 34, 115, 110, 97, 112, 115, 104, 111, 116, 45, 112, 34, 58, 123, 34, 101, 112, 111, 99, 104, 34, 58, 55, 44, 34, 108, 97, 115, 116, 95, 115, 101, 113, 34, 58, 49, 125, 125, 44, 34, 108, 97, 115, 116, 95, 115, 101, 113, 95, 104, 101, 97, 100, 101, 114, 34, 58, 110, 117, 108, 108, 44, 34, 108, 97, 115, 116, 95, 97, 99, 99, 101, 115, 115, 95, 117, 110, 105, 120, 34, 58, 49, 44, 34, 108, 97, 115, 116, 95, 97, 99, 99, 101, 115, 115, 95, 109, 105, 108, 108, 105, 115, 34, 58, 49, 49, 49, 48, 44, 34, 101, 120, 112, 105, 114, 101, 115, 95, 97, 116, 95, 109, 105, 108, 108, 105, 115, 34, 58, 110, 117, 108, 108, 44, 34, 114, 101, 102, 95, 99, 111, 117, 110, 116, 34, 58, 48, 44, 34, 115, 111, 102, 116, 95, 100, 101, 108, 101, 116, 101, 100, 34, 58, 102, 97, 108, 115, 101, 44, 34, 115, 101, 103, 109, 101, 110, 116, 115, 34, 58, 91, 93, 44, 34, 115, 101, 97, 108, 101, 100, 95, 111, 102, 102, 115, 101, 116, 34, 58, 48, 44, 34, 102, 105, 108, 101, 95, 98, 97, 115, 101, 34, 58, 48, 44, 34, 112, 101, 110, 100, 105, 110, 103, 95, 99, 111, 109, 112, 97, 99, 116, 105, 111, 110, 34, 58, 110, 117, 108, 108, 44, 34, 100, 117, 114, 97, 98, 108, 101, 95, 116, 97, 105, 108, 34, 58, 57, 125]
 right: [123, 34, 105, 100, 34, 58, 48, 44, 34, 112, 97, 116, 104, 34, 58, 34, 47, 102, 114, 101, 115, 104, 34, 44, 34, 99, 111, 110, 116, 101, 110, 116, 95, 116, 121, 112, 101, 34, 58, 34, 97, 112, 112, 108, 105, 99, 97, 116, 105, 111, 110, 47, 111, 99, 116, 101, 116, 45, 115, 116, 114, 101, 97, 109, 34, 44, 34, 116, 116, 108, 95, 115, 101, 99, 111, 110, 100, 115, 34, 58, 49, 44, 34, 101, 120, 112, 105, 114, 101, 115, 95, 97, 116, 95, 117, 110, 105, 120, 34, 58, 110, 117, 108, 108, 44, 34, 101, 120, 112, 105, 114, 101, 115, 95, 97, 116, 95, 114, 97, 119, 34, 58, 110, 117, 108, 108, 44, 34, 99, 114, 101, 97, 116, 101, 95, 99, 108, 111, 115, 101, 100, 34, 58, 102, 97, 108, 115, 101, 44, 34, 102, 111, 114, 107, 101, 100, 95, 102, 114, 111, 109, 34, 58, 110, 117, 108, 108, 44, 34, 102, 111, 114, 107, 95, 111, 102, 102, 115, 101, 116, 95, 114, 97, 119, 34, 58, 110, 117, 108, 108, 44, 34, 102, 111, 114, 107, 95, 115, 117, 98, 95, 111, 102, 102, 115, 101, 116, 34, 58, 110, 117, 108, 108, 44, 34, 98, 97, 115, 101, 95, 111, 102, 102, 115, 101, 116, 34, 58, 48, 44, 34, 99, 108, 111, 115, 101, 100, 34, 58, 102, 97, 108, 115, 101, 44, 34, 99, 108, 111, 115, 101, 100, 95, 98, 121, 34, 58, 110, 117, 108, 108, 44, 34, 112, 114, 111, 100, 117, 99, 101, 114, 115, 34, 58, 123, 125, 44, 34, 108, 97, 115, 116, 95, 115, 101, 113, 95, 104, 101, 97, 100, 101, 114, 34, 58, 110, 117, 108, 108, 44, 34, 108, 97, 115, 116, 95, 97, 99, 99, 101, 115, 115, 95, 117, 110, 105, 120, 34, 58, 49, 44, 34, 108, 97, 115, 116, 95, 97, 99, 99, 101, 115, 115, 95, 109, 105, 108, 108, 105, 115, 34, 58, 49, 48, 57, 48, 44, 34, 101, 120, 112, 105, 114, 101, 115, 95, 97, 116, 95, 109, 105, 108, 108, 105, 115, 34, 58, 110, 117, 108, 108, 44, 34, 114, 101, 102, 95, 99, 111, 117, 110, 116, 34, 58, 48, 44, 34, 115, 111, 102, 116, 95, 100, 101, 108, 101, 116, 101, 100, 34, 58, 102, 97, 108, 115, 101, 44, 34, 115, 101, 103, 109, 101, 110, 116, 115, 34, 58, 91, 93, 44, 34, 115, 101, 97, 108, 101, 100, 95, 111, 102, 102, 115, 101, 116, 34, 58, 48, 44, 34, 102, 105, 108, 101, 95, 98, 97, 115, 101, 34, 58, 48, 44, 34, 112, 101, 110, 100, 105, 110, 103, 95, 99, 111, 109, 112, 97, 99, 116, 105, 111, 110, 34, 58, 110, 117, 108, 108, 44, 34, 100, 117, 114, 97, 98, 108, 101, 95, 116, 97, 105, 108, 34, 58, 48, 125]

thread 'replication::journal::tests::snapshot_captures_fresh_metadata_without_rewriting_disposable_sidecars' (3551781) panicked at src/replication/journal.rs:1064:17:
assertion `left == right` failed: archive creation must not rewrite disposable sidecars
  left: [123, 34, 105, 100, 34, 58, 48, 44, 34, 112, 97, 116, 104, 34, 58, 34, 47, 102, 114, 101, 115, 104, 34, 44, 34, 99, 111, 110, 116, 101, 110, 116, 95, 116, 121, 112, 101, 34, 58, 34, 97, 112, 112, 108, 105, 99, 97, 116, 105, 111, 110, 47, 111, 99, 116, 101, 116, 45, 115, 116, 114, 101, 97, 109, 34, 44, 34, 116, 116, 108, 95, 115, 101, 99, 111, 110, 100, 115, 34, 58, 49, 44, 34, 101, 120, 112, 105, 114, 101, 115, 95, 97, 116, 95, 117, 110, 105, 120, 34, 58, 110, 117, 108, 108, 44, 34, 101, 120, 112, 105, 114, 101, 115, 95, 97, 116, 95, 114, 97, 119, 34, 58, 110, 117, 108, 108, 44, 34, 99, 114, 101, 97, 116, 101, 95, 99, 108, 111, 115, 101, 100, 34, 58, 102, 97, 108, 115, 101, 44, 34, 102, 111, 114, 107, 101, 100, 95, 102, 114, 111, 109, 34, 58, 110, 117, 108, 108, 44, 34, 102, 111, 114, 107, 95, 111, 102, 102, 115, 101, 116, 95, 114, 97, 119, 34, 58, 110, 117, 108, 108, 44, 34, 102, 111, 114, 107, 95, 115, 117, 98, 95, 111, 102, 102, 115, 101, 116, 34, 58, 110, 117, 108, 108, 44, 34, 98, 97, 115, 101, 95, 111, 102, 102, 115, 101, 116, 34, 58, 48, 44, 34, 99, 108, 111, 115, 101, 100, 34, 58, 102, 97, 108, 115, 101, 44, 34, 99, 108, 111, 115, 101, 100, 95, 98, 121, 34, 58, 110, 117, 108, 108, 44, 34, 112, 114, 111, 100, 117, 99, 101, 114, 115, 34, 58, 123, 34, 115, 110, 97, 112, 115, 104, 111, 116, 45, 112, 34, 58, 123, 34, 101, 112, 111, 99, 104, 34, 58, 55, 44, 34, 108, 97, 115, 116, 95, 115, 101, 113, 34, 58, 49, 125, 125, 44, 34, 108, 97, 115, 116, 95, 115, 101, 113, 95, 104, 101, 97, 100, 101, 114, 34, 58, 110, 117, 108, 108, 44, 34, 108, 97, 115, 116, 95, 97, 99, 99, 101, 115, 115, 95, 117, 110, 105, 120, 34, 58, 49, 44, 34, 108, 97, 115, 116, 95, 97, 99, 99, 101, 115, 115, 95, 109, 105, 108, 108, 105, 115, 34, 58, 49, 49, 49, 48, 44, 34, 101, 120, 112, 105, 114, 101, 115, 95, 97, 116, 95, 109, 105, 108, 108, 105, 115, 34, 58, 110, 117, 108, 108, 44, 34, 114, 101, 102, 95, 99, 111, 117, 110, 116, 34, 58, 48, 44, 34, 115, 111, 102, 116, 95, 100, 101, 108, 101, 116, 101, 100, 34, 58, 102, 97, 108, 115, 101, 44, 34, 115, 101, 103, 109, 101, 110, 116, 115, 34, 58, 91, 93, 44, 34, 115, 101, 97, 108, 101, 100, 95, 111, 102, 102, 115, 101, 116, 34, 58, 48, 44, 34, 102, 105, 108, 101, 95, 98, 97, 115, 101, 34, 58, 48, 44, 34, 112, 101, 110, 100, 105, 110, 103, 95, 99, 111, 109, 112, 97, 99, 116, 105, 111, 110, 34, 58, 110, 117, 108, 108, 44, 34, 100, 117, 114, 97, 98, 108, 101, 95, 116, 97, 105, 108, 34, 58, 56, 125]
 right: [123, 34, 105, 100, 34, 58, 48, 44, 34, 112, 97, 116, 104, 34, 58, 34, 47, 102, 114, 101, 115, 104, 34, 44, 34, 99, 111, 110, 116, 101, 110, 116, 95, 116, 121, 112, 101, 34, 58, 34, 97, 112, 112, 108, 105, 99, 97, 116, 105, 111, 110, 47, 111, 99, 116, 101, 116, 45, 115, 116, 114, 101, 97, 109, 34, 44, 34, 116, 116, 108, 95, 115, 101, 99, 111, 110, 100, 115, 34, 58, 49, 44, 34, 101, 120, 112, 105, 114, 101, 115, 95, 97, 116, 95, 117, 110, 105, 120, 34, 58, 110, 117, 108, 108, 44, 34, 101, 120, 112, 105, 114, 101, 115, 95, 97, 116, 95, 114, 97, 119, 34, 58, 110, 117, 108, 108, 44, 34, 99, 114, 101, 97, 116, 101, 95, 99, 108, 111, 115, 101, 100, 34, 58, 102, 97, 108, 115, 101, 44, 34, 102, 111, 114, 107, 101, 100, 95, 102, 114, 111, 109, 34, 58, 110, 117, 108, 108, 44, 34, 102, 111, 114, 107, 95, 111, 102, 102, 115, 101, 116, 95, 114, 97, 119, 34, 58, 110, 117, 108, 108, 44, 34, 102, 111, 114, 107, 95, 115, 117, 98, 95, 111, 102, 102, 115, 101, 116, 34, 58, 110, 117, 108, 108, 44, 34, 98, 97, 115, 101, 95, 111, 102, 102, 115, 101, 116, 34, 58, 48, 44, 34, 99, 108, 111, 115, 101, 100, 34, 58, 102, 97, 108, 115, 101, 44, 34, 99, 108, 111, 115, 101, 100, 95, 98, 121, 34, 58, 110, 117, 108, 108, 44, 34, 112, 114, 111, 100, 117, 99, 101, 114, 115, 34, 58, 123, 125, 44, 34, 108, 97, 115, 116, 95, 115, 101, 113, 95, 104, 101, 97, 100, 101, 114, 34, 58, 110, 117, 108, 108, 44, 34, 108, 97, 115, 116, 95, 97, 99, 99, 101, 115, 115, 95, 117, 110, 105, 120, 34, 58, 49, 44, 34, 108, 97, 115, 116, 95, 97, 99, 99, 101, 115, 115, 95, 109, 105, 108, 108, 105, 115, 34, 58, 49, 48, 57, 48, 44, 34, 101, 120, 112, 105, 114, 101, 115, 95, 97, 116, 95, 109, 105, 108, 108, 105, 115, 34, 58, 110, 117, 108, 108, 44, 34, 114, 101, 102, 95, 99, 111, 117, 110, 116, 34, 58, 48, 44, 34, 115, 111, 102, 116, 95, 100, 101, 108, 101, 116, 101, 100, 34, 58, 102, 97, 108, 115, 101, 44, 34, 115, 101, 103, 109, 101, 110, 116, 115, 34, 58, 91, 93, 44, 34, 115, 101, 97, 108, 101, 100, 95, 111, 102, 102, 115, 101, 116, 34, 58, 48, 44, 34, 102, 105, 108, 101, 95, 98, 97, 115, 101, 34, 58, 48, 44, 34, 112, 101, 110, 100, 105, 110, 103, 95, 99, 111, 109, 112, 97, 99, 116, 105, 111, 110, 34, 58, 110, 117, 108, 108, 44, 34, 100, 117, 114, 97, 98, 108, 101, 95, 116, 97, 105, 108, 34, 58, 48, 125]

thread 'replication::journal::tests::snapshot_captures_fresh_metadata_without_rewriting_disposable_sidecars' (3551781) panicked at src/replication/journal.rs:1064:17:
assertion `left == right` failed: archive creation must not rewrite disposable sidecars
  left: [123, 34, 105, 100, 34, 58, 48, 44, 34, 112, 97, 116, 104, 34, 58, 34, 47, 102, 114, 101, 115, 104, 34, 44, 34, 99, 111, 110, 116, 101, 110, 116, 95, 116, 121, 112, 101, 34, 58, 34, 97, 112, 112, 108, 105, 99, 97, 116, 105, 111, 110, 47, 111, 99, 116, 101, 116, 45, 115, 116, 114, 101, 97, 109, 34, 44, 34, 116, 116, 108, 95, 115, 101, 99, 111, 110, 100, 115, 34, 58, 49, 44, 34, 101, 120, 112, 105, 114, 101, 115, 95, 97, 116, 95, 117, 110, 105, 120, 34, 58, 110, 117, 108, 108, 44, 34, 101, 120, 112, 105, 114, 101, 115, 95, 97, 116, 95, 114, 97, 119, 34, 58, 110, 117, 108, 108, 44, 34, 99, 114, 101, 97, 116, 101, 95, 99, 108, 111, 115, 101, 100, 34, 58, 102, 97, 108, 115, 101, 44, 34, 102, 111, 114, 107, 101, 100, 95, 102, 114, 111, 109, 34, 58, 110, 117, 108, 108, 44, 34, 102, 111, 114, 107, 95, 111, 102, 102, 115, 101, 116, 95, 114, 97, 119, 34, 58, 110, 117, 108, 108, 44, 34, 102, 111, 114, 107, 95, 115, 117, 98, 95, 111, 102, 102, 115, 101, 116, 34, 58, 110, 117, 108, 108, 44, 34, 98, 97, 115, 101, 95, 111, 102, 102, 115, 101, 116, 34, 58, 48, 44, 34, 99, 108, 111, 115, 101, 100, 34, 58, 102, 97, 108, 115, 101, 44, 34, 99, 108, 111, 115, 101, 100, 95, 98, 121, 34, 58, 110, 117, 108, 108, 44, 34, 112, 114, 111, 100, 117, 99, 101, 114, 115, 34, 58, 123, 34, 115, 110, 97, 112, 115, 104, 111, 116, 45, 112, 34, 58, 123, 34, 101, 112, 111, 99, 104, 34, 58, 55, 44, 34, 108, 97, 115, 116, 95, 115, 101, 113, 34, 58, 49, 125, 125, 44, 34, 108, 97, 115, 116, 95, 115, 101, 113, 95, 104, 101, 97, 100, 101, 114, 34, 58, 110, 117, 108, 108, 44, 34, 108, 97, 115, 116, 95, 97, 99, 99, 101, 115, 115, 95, 117, 110, 105, 120, 34, 58, 49, 44, 34, 108, 97, 115, 116, 95, 97, 99, 99, 101, 115, 115, 95, 109, 105, 108, 108, 105, 115, 34, 58, 49, 49, 49, 48, 44, 34, 101, 120, 112, 105, 114, 101, 115, 95, 97, 116, 95, 109, 105, 108, 108, 105, 115, 34, 58, 110, 117, 108, 108, 44, 34, 114, 101, 102, 95, 99, 111, 117, 110, 116, 34, 58, 48, 44, 34, 115, 111, 102, 116, 95, 100, 101, 108, 101, 116, 101, 100, 34, 58, 102, 97, 108, 115, 101, 44, 34, 115, 101, 103, 109, 101, 110, 116, 115, 34, 58, 91, 93, 44, 34, 115, 101, 97, 108, 101, 100, 95, 111, 102, 102, 115, 101, 116, 34, 58, 48, 44, 34, 102, 105, 108, 101, 95, 98, 97, 115, 101, 34, 58, 48, 44, 34, 112, 101, 110, 100, 105, 110, 103, 95, 99, 111, 109, 112, 97, 99, 116, 105, 111, 110, 34, 58, 110, 117, 108, 108, 44, 34, 100, 117, 114, 97, 98, 108, 101, 95, 116, 97, 105, 108, 34, 58, 55, 125]
 right: [123, 34, 105, 100, 34, 58, 48, 44, 34, 112, 97, 116, 104, 34, 58, 34, 47, 102, 114, 101, 115, 104, 34, 44, 34, 99, 111, 110, 116, 101, 110, 116, 95, 116, 121, 112, 101, 34, 58, 34, 97, 112, 112, 108, 105, 99, 97, 116, 105, 111, 110, 47, 111, 99, 116, 101, 116, 45, 115, 116, 114, 101, 97, 109, 34, 44, 34, 116, 116, 108, 95, 115, 101, 99, 111, 110, 100, 115, 34, 58, 49, 44, 34, 101, 120, 112, 105, 114, 101, 115, 95, 97, 116, 95, 117, 110, 105, 120, 34, 58, 110, 117, 108, 108, 44, 34, 101, 120, 112, 105, 114, 101, 115, 95, 97, 116, 95, 114, 97, 119, 34, 58, 110, 117, 108, 108, 44, 34, 99, 114, 101, 97, 116, 101, 95, 99, 108, 111, 115, 101, 100, 34, 58, 102, 97, 108, 115, 101, 44, 34, 102, 111, 114, 107, 101, 100, 95, 102, 114, 111, 109, 34, 58, 110, 117, 108, 108, 44, 34, 102, 111, 114, 107, 95, 111, 102, 102, 115, 101, 116, 95, 114, 97, 119, 34, 58, 110, 117, 108, 108, 44, 34, 102, 111, 114, 107, 95, 115, 117, 98, 95, 111, 102, 102, 115, 101, 116, 34, 58, 110, 117, 108, 108, 44, 34, 98, 97, 115, 101, 95, 111, 102, 102, 115, 101, 116, 34, 58, 48, 44, 34, 99, 108, 111, 115, 101, 100, 34, 58, 102, 97, 108, 115, 101, 44, 34, 99, 108, 111, 115, 101, 100, 95, 98, 121, 34, 58, 110, 117, 108, 108, 44, 34, 112, 114, 111, 100, 117, 99, 101, 114, 115, 34, 58, 123, 125, 44, 34, 108, 97, 115, 116, 95, 115, 101, 113, 95, 104, 101, 97, 100, 101, 114, 34, 58, 110, 117, 108, 108, 44, 34, 108, 97, 115, 116, 95, 97, 99, 99, 101, 115, 115, 95, 117, 110, 105, 120, 34, 58, 49, 44, 34, 108, 97, 115, 116, 95, 97, 99, 99, 101, 115, 115, 95, 109, 105, 108, 108, 105, 115, 34, 58, 49, 48, 57, 48, 44, 34, 101, 120, 112, 105, 114, 101, 115, 95, 97, 116, 95, 109, 105, 108, 108, 105, 115, 34, 58, 110, 117, 108, 108, 44, 34, 114, 101, 102, 95, 99, 111, 117, 110, 116, 34, 58, 48, 44, 34, 115, 111, 102, 116, 95, 100, 101, 108, 101, 116, 101, 100, 34, 58, 102, 97, 108, 115, 101, 44, 34, 115, 101, 103, 109, 101, 110, 116, 115, 34, 58, 91, 93, 44, 34, 115, 101, 97, 108, 101, 100, 95, 111, 102, 102, 115, 101, 116, 34, 58, 48, 44, 34, 102, 105, 108, 101, 95, 98, 97, 115, 101, 34, 58, 48, 44, 34, 112, 101, 110, 100, 105, 110, 103, 95, 99, 111, 109, 112, 97, 99, 116, 105, 111, 110, 34, 58, 110, 117, 108, 108, 44, 34, 100, 117, 114, 97, 98, 108, 101, 95, 116, 97, 105, 108, 34, 58, 48, 125]

thread 'replication::journal::tests::snapshot_captures_fresh_metadata_without_rewriting_disposable_sidecars' (3551781) panicked at src/replication/journal.rs:1064:17:
assertion `left == right` failed: archive creation must not rewrite disposable sidecars
  left: [123, 34, 105, 100, 34, 58, 48, 44, 34, 112, 97, 116, 104, 34, 58, 34, 47, 102, 114, 101, 115, 104, 34, 44, 34, 99, 111, 110, 116, 101, 110, 116, 95, 116, 121, 112, 101, 34, 58, 34, 97, 112, 112, 108, 105, 99, 97, 116, 105, 111, 110, 47, 111, 99, 116, 101, 116, 45, 115, 116, 114, 101, 97, 109, 34, 44, 34, 116, 116, 108, 95, 115, 101, 99, 111, 110, 100, 115, 34, 58, 49, 44, 34, 101, 120, 112, 105, 114, 101, 115, 95, 97, 116, 95, 117, 110, 105, 120, 34, 58, 110, 117, 108, 108, 44, 34, 101, 120, 112, 105, 114, 101, 115, 95, 97, 116, 95, 114, 97, 119, 34, 58, 110, 117, 108, 108, 44, 34, 99, 114, 101, 97, 116, 101, 95, 99, 108, 111, 115, 101, 100, 34, 58, 102, 97, 108, 115, 101, 44, 34, 102, 111, 114, 107, 101, 100, 95, 102, 114, 111, 109, 34, 58, 110, 117, 108, 108, 44, 34, 102, 111, 114, 107, 95, 111, 102, 102, 115, 101, 116, 95, 114, 97, 119, 34, 58, 110, 117, 108, 108, 44, 34, 102, 111, 114, 107, 95, 115, 117, 98, 95, 111, 102, 102, 115, 101, 116, 34, 58, 110, 117, 108, 108, 44, 34, 98, 97, 115, 101, 95, 111, 102, 102, 115, 101, 116, 34, 58, 48, 44, 34, 99, 108, 111, 115, 101, 100, 34, 58, 102, 97, 108, 115, 101, 44, 34, 99, 108, 111, 115, 101, 100, 95, 98, 121, 34, 58, 110, 117, 108, 108, 44, 34, 112, 114, 111, 100, 117, 99, 101, 114, 115, 34, 58, 123, 34, 115, 110, 97, 112, 115, 104, 111, 116, 45, 112, 34, 58, 123, 34, 101, 112, 111, 99, 104, 34, 58, 55, 44, 34, 108, 97, 115, 116, 95, 115, 101, 113, 34, 58, 49, 125, 125, 44, 34, 108, 97, 115, 116, 95, 115, 101, 113, 95, 104, 101, 97, 100, 101, 114, 34, 58, 110, 117, 108, 108, 44, 34, 108, 97, 115, 116, 95, 97, 99, 99, 101, 115, 115, 95, 117, 110, 105, 120, 34, 58, 49, 44, 34, 108, 97, 115, 116, 95, 97, 99, 99, 101, 115, 115, 95, 109, 105, 108, 108, 105, 115, 34, 58, 49, 49, 49, 48, 44, 34, 101, 120, 112, 105, 114, 101, 115, 95, 97, 116, 95, 109, 105, 108, 108, 105, 115, 34, 58, 110, 117, 108, 108, 44, 34, 114, 101, 102, 95, 99, 111, 117, 110, 116, 34, 58, 48, 44, 34, 115, 111, 102, 116, 95, 100, 101, 108, 101, 116, 101, 100, 34, 58, 102, 97, 108, 115, 101, 44, 34, 115, 101, 103, 109, 101, 110, 116, 115, 34, 58, 91, 93, 44, 34, 115, 101, 97, 108, 101, 100, 95, 111, 102, 102, 115, 101, 116, 34, 58, 48, 44, 34, 102, 105, 108, 101, 95, 98, 97, 115, 101, 34, 58, 48, 44, 34, 112, 101, 110, 100, 105, 110, 103, 95, 99, 111, 109, 112, 97, 99, 116, 105, 111, 110, 34, 58, 110, 117, 108, 108, 44, 34, 100, 117, 114, 97, 98, 108, 101, 95, 116, 97, 105, 108, 34, 58, 55, 125]
 right: [123, 34, 105, 100, 34, 58, 48, 44, 34, 112, 97, 116, 104, 34, 58, 34, 47, 102, 114, 101, 115, 104, 34, 44, 34, 99, 111, 110, 116, 101, 110, 116, 95, 116, 121, 112, 101, 34, 58, 34, 97, 112, 112, 108, 105, 99, 97, 116, 105, 111, 110, 47, 111, 99, 116, 101, 116, 45, 115, 116, 114, 101, 97, 109, 34, 44, 34, 116, 116, 108, 95, 115, 101, 99, 111, 110, 100, 115, 34, 58, 49, 44, 34, 101, 120, 112, 105, 114, 101, 115, 95, 97, 116, 95, 117, 110, 105, 120, 34, 58, 110, 117, 108, 108, 44, 34, 101, 120, 112, 105, 114, 101, 115, 95, 97, 116, 95, 114, 97, 119, 34, 58, 110, 117, 108, 108, 44, 34, 99, 114, 101, 97, 116, 101, 95, 99, 108, 111, 115, 101, 100, 34, 58, 102, 97, 108, 115, 101, 44, 34, 102, 111, 114, 107, 101, 100, 95, 102, 114, 111, 109, 34, 58, 110, 117, 108, 108, 44, 34, 102, 111, 114, 107, 95, 111, 102, 102, 115, 101, 116, 95, 114, 97, 119, 34, 58, 110, 117, 108, 108, 44, 34, 102, 111, 114, 107, 95, 115, 117, 98, 95, 111, 102, 102, 115, 101, 116, 34, 58, 110, 117, 108, 108, 44, 34, 98, 97, 115, 101, 95, 111, 102, 102, 115, 101, 116, 34, 58, 48, 44, 34, 99, 108, 111, 115, 101, 100, 34, 58, 102, 97, 108, 115, 101, 44, 34, 99, 108, 111, 115, 101, 100, 95, 98, 121, 34, 58, 110, 117, 108, 108, 44, 34, 112, 114, 111, 100, 117, 99, 101, 114, 115, 34, 58, 123, 125, 44, 34, 108, 97, 115, 116, 95, 115, 101, 113, 95, 104, 101, 97, 100, 101, 114, 34, 58, 110, 117, 108, 108, 44, 34, 108, 97, 115, 116, 95, 97, 99, 99, 101, 115, 115, 95, 117, 110, 105, 120, 34, 58, 49, 44, 34, 108, 97, 115, 116, 95, 97, 99, 99, 101, 115, 115, 95, 109, 105, 108, 108, 105, 115, 34, 58, 49, 48, 57, 48, 44, 34, 101, 120, 112, 105, 114, 101, 115, 95, 97, 116, 95, 109, 105, 108, 108, 105, 115, 34, 58, 110, 117, 108, 108, 44, 34, 114, 101, 102, 95, 99, 111, 117, 110, 116, 34, 58, 48, 44, 34, 115, 111, 102, 116, 95, 100, 101, 108, 101, 116, 101, 100, 34, 58, 102, 97, 108, 115, 101, 44, 34, 115, 101, 103, 109, 101, 110, 116, 115, 34, 58, 91, 93, 44, 34, 115, 101, 97, 108, 101, 100, 95, 111, 102, 102, 115, 101, 116, 34, 58, 48, 44, 34, 102, 105, 108, 101, 95, 98, 97, 115, 101, 34, 58, 48, 44, 34, 112, 101, 110, 100, 105, 110, 103, 95, 99, 111, 109, 112, 97, 99, 116, 105, 111, 110, 34, 58, 110, 117, 108, 108, 44, 34, 100, 117, 114, 97, 98, 108, 101, 95, 116, 97, 105, 108, 34, 58, 48, 125]

thread 'replication::journal::tests::snapshot_captures_fresh_metadata_without_rewriting_disposable_sidecars' (3551781) panicked at src/replication/journal.rs:1064:17:
assertion `left == right` failed: archive creation must not rewrite disposable sidecars
  left: [123, 34, 105, 100, 34, 58, 48, 44, 34, 112, 97, 116, 104, 34, 58, 34, 47, 102, 114, 101, 115, 104, 34, 44, 34, 99, 111, 110, 116, 101, 110, 116, 95, 116, 121, 112, 101, 34, 58, 34, 97, 112, 112, 108, 105, 99, 97, 116, 105, 111, 110, 47, 111, 99, 116, 101, 116, 45, 115, 116, 114, 101, 97, 109, 34, 44, 34, 116, 116, 108, 95, 115, 101, 99, 111, 110, 100, 115, 34, 58, 49, 44, 34, 101, 120, 112, 105, 114, 101, 115, 95, 97, 116, 95, 117, 110, 105, 120, 34, 58, 110, 117, 108, 108, 44, 34, 101, 120, 112, 105, 114, 101, 115, 95, 97, 116, 95, 114, 97, 119, 34, 58, 110, 117, 108, 108, 44, 34, 99, 114, 101, 97, 116, 101, 95, 99, 108, 111, 115, 101, 100, 34, 58, 102, 97, 108, 115, 101, 44, 34, 102, 111, 114, 107, 101, 100, 95, 102, 114, 111, 109, 34, 58, 110, 117, 108, 108, 44, 34, 102, 111, 114, 107, 95, 111, 102, 102, 115, 101, 116, 95, 114, 97, 119, 34, 58, 110, 117, 108, 108, 44, 34, 102, 111, 114, 107, 95, 115, 117, 98, 95, 111, 102, 102, 115, 101, 116, 34, 58, 110, 117, 108, 108, 44, 34, 98, 97, 115, 101, 95, 111, 102, 102, 115, 101, 116, 34, 58, 48, 44, 34, 99, 108, 111, 115, 101, 100, 34, 58, 102, 97, 108, 115, 101, 44, 34, 99, 108, 111, 115, 101, 100, 95, 98, 121, 34, 58, 110, 117, 108, 108, 44, 34, 112, 114, 111, 100, 117, 99, 101, 114, 115, 34, 58, 123, 34, 115, 110, 97, 112, 115, 104, 111, 116, 45, 112, 34, 58, 123, 34, 101, 112, 111, 99, 104, 34, 58, 55, 44, 34, 108, 97, 115, 116, 95, 115, 101, 113, 34, 58, 49, 125, 125, 44, 34, 108, 97, 115, 116, 95, 115, 101, 113, 95, 104, 101, 97, 100, 101, 114, 34, 58, 110, 117, 108, 108, 44, 34, 108, 97, 115, 116, 95, 97, 99, 99, 101, 115, 115, 95, 117, 110, 105, 120, 34, 58, 49, 44, 34, 108, 97, 115, 116, 95, 97, 99, 99, 101, 115, 115, 95, 109, 105, 108, 108, 105, 115, 34, 58, 49, 49, 49, 48, 44, 34, 101, 120, 112, 105, 114, 101, 115, 95, 97, 116, 95, 109, 105, 108, 108, 105, 115, 34, 58, 110, 117, 108, 108, 44, 34, 114, 101, 102, 95, 99, 111, 117, 110, 116, 34, 58, 48, 44, 34, 115, 111, 102, 116, 95, 100, 101, 108, 101, 116, 101, 100, 34, 58, 102, 97, 108, 115, 101, 44, 34, 115, 101, 103, 109, 101, 110, 116, 115, 34, 58, 91, 93, 44, 34, 115, 101, 97, 108, 101, 100, 95, 111, 102, 102, 115, 101, 116, 34, 58, 48, 44, 34, 102, 105, 108, 101, 95, 98, 97, 115, 101, 34, 58, 48, 44, 34, 112, 101, 110, 100, 105, 110, 103, 95, 99, 111, 109, 112, 97, 99, 116, 105, 111, 110, 34, 58, 110, 117, 108, 108, 44, 34, 100, 117, 114, 97, 98, 108, 101, 95, 116, 97, 105, 108, 34, 58, 55, 125]
 right: [123, 34, 105, 100, 34, 58, 48, 44, 34, 112, 97, 116, 104, 34, 58, 34, 47, 102, 114, 101, 115, 104, 34, 44, 34, 99, 111, 110, 116, 101, 110, 116, 95, 116, 121, 112, 101, 34, 58, 34, 97, 112, 112, 108, 105, 99, 97, 116, 105, 111, 110, 47, 111, 99, 116, 101, 116, 45, 115, 116, 114, 101, 97, 109, 34, 44, 34, 116, 116, 108, 95, 115, 101, 99, 111, 110, 100, 115, 34, 58, 49, 44, 34, 101, 120, 112, 105, 114, 101, 115, 95, 97, 116, 95, 117, 110, 105, 120, 34, 58, 110, 117, 108, 108, 44, 34, 101, 120, 112, 105, 114, 101, 115, 95, 97, 116, 95, 114, 97, 119, 34, 58, 110, 117, 108, 108, 44, 34, 99, 114, 101, 97, 116, 101, 95, 99, 108, 111, 115, 101, 100, 34, 58, 102, 97, 108, 115, 101, 44, 34, 102, 111, 114, 107, 101, 100, 95, 102, 114, 111, 109, 34, 58, 110, 117, 108, 108, 44, 34, 102, 111, 114, 107, 95, 111, 102, 102, 115, 101, 116, 95, 114, 97, 119, 34, 58, 110, 117, 108, 108, 44, 34, 102, 111, 114, 107, 95, 115, 117, 98, 95, 111, 102, 102, 115, 101, 116, 34, 58, 110, 117, 108, 108, 44, 34, 98, 97, 115, 101, 95, 111, 102, 102, 115, 101, 116, 34, 58, 48, 44, 34, 99, 108, 111, 115, 101, 100, 34, 58, 102, 97, 108, 115, 101, 44, 34, 99, 108, 111, 115, 101, 100, 95, 98, 121, 34, 58, 110, 117, 108, 108, 44, 34, 112, 114, 111, 100, 117, 99, 101, 114, 115, 34, 58, 123, 125, 44, 34, 108, 97, 115, 116, 95, 115, 101, 113, 95, 104, 101, 97, 100, 101, 114, 34, 58, 110, 117, 108, 108, 44, 34, 108, 97, 115, 116, 95, 97, 99, 99, 101, 115, 115, 95, 117, 110, 105, 120, 34, 58, 49, 44, 34, 108, 97, 115, 116, 95, 97, 99, 99, 101, 115, 115, 95, 109, 105, 108, 108, 105, 115, 34, 58, 49, 48, 57, 48, 44, 34, 101, 120, 112, 105, 114, 101, 115, 95, 97, 116, 95, 109, 105, 108, 108, 105, 115, 34, 58, 110, 117, 108, 108, 44, 34, 114, 101, 102, 95, 99, 111, 117, 110, 116, 34, 58, 48, 44, 34, 115, 111, 102, 116, 95, 100, 101, 108, 101, 116, 101, 100, 34, 58, 102, 97, 108, 115, 101, 44, 34, 115, 101, 103, 109, 101, 110, 116, 115, 34, 58, 91, 93, 44, 34, 115, 101, 97, 108, 101, 100, 95, 111, 102, 102, 115, 101, 116, 34, 58, 48, 44, 34, 102, 105, 108, 101, 95, 98, 97, 115, 101, 34, 58, 48, 44, 34, 112, 101, 110, 100, 105, 110, 103, 95, 99, 111, 109, 112, 97, 99, 116, 105, 111, 110, 34, 58, 110, 117, 108, 108, 44, 34, 100, 117, 114, 97, 98, 108, 101, 95, 116, 97, 105, 108, 34, 58, 48, 125]

thread 'replication::journal::tests::snapshot_captures_fresh_metadata_without_rewriting_disposable_sidecars' (3551781) panicked at src/replication/journal.rs:1064:17:
assertion `left == right` failed: archive creation must not rewrite disposable sidecars
  left: [123, 34, 105, 100, 34, 58, 48, 44, 34, 112, 97, 116, 104, 34, 58, 34, 47, 102, 114, 101, 115, 104, 34, 44, 34, 99, 111, 110, 116, 101, 110, 116, 95, 116, 121, 112, 101, 34, 58, 34, 97, 112, 112, 108, 105, 99, 97, 116, 105, 111, 110, 47, 111, 99, 116, 101, 116, 45, 115, 116, 114, 101, 97, 109, 34, 44, 34, 116, 116, 108, 95, 115, 101, 99, 111, 110, 100, 115, 34, 58, 49, 44, 34, 101, 120, 112, 105, 114, 101, 115, 95, 97, 116, 95, 117, 110, 105, 120, 34, 58, 110, 117, 108, 108, 44, 34, 101, 120, 112, 105, 114, 101, 115, 95, 97, 116, 95, 114, 97, 119, 34, 58, 110, 117, 108, 108, 44, 34, 99, 114, 101, 97, 116, 101, 95, 99, 108, 111, 115, 101, 100, 34, 58, 102, 97, 108, 115, 101, 44, 34, 102, 111, 114, 107, 101, 100, 95, 102, 114, 111, 109, 34, 58, 110, 117, 108, 108, 44, 34, 102, 111, 114, 107, 95, 111, 102, 102, 115, 101, 116, 95, 114, 97, 119, 34, 58, 110, 117, 108, 108, 44, 34, 102, 111, 114, 107, 95, 115, 117, 98, 95, 111, 102, 102, 115, 101, 116, 34, 58, 110, 117, 108, 108, 44, 34, 98, 97, 115, 101, 95, 111, 102, 102, 115, 101, 116, 34, 58, 48, 44, 34, 99, 108, 111, 115, 101, 100, 34, 58, 102, 97, 108, 115, 101, 44, 34, 99, 108, 111, 115, 101, 100, 95, 98, 121, 34, 58, 110, 117, 108, 108, 44, 34, 112, 114, 111, 100, 117, 99, 101, 114, 115, 34, 58, 123, 34, 115, 110, 97, 112, 115, 104, 111, 116, 45, 112, 34, 58, 123, 34, 101, 112, 111, 99, 104, 34, 58, 55, 44, 34, 108, 97, 115, 116, 95, 115, 101, 113, 34, 58, 49, 125, 125, 44, 34, 108, 97, 115, 116, 95, 115, 101, 113, 95, 104, 101, 97, 100, 101, 114, 34, 58, 110, 117, 108, 108, 44, 34, 108, 97, 115, 116, 95, 97, 99, 99, 101, 115, 115, 95, 117, 110, 105, 120, 34, 58, 49, 44, 34, 108, 97, 115, 116, 95, 97, 99, 99, 101, 115, 115, 95, 109, 105, 108, 108, 105, 115, 34, 58, 49, 49, 49, 48, 44, 34, 101, 120, 112, 105, 114, 101, 115, 95, 97, 116, 95, 109, 105, 108, 108, 105, 115, 34, 58, 110, 117, 108, 108, 44, 34, 114, 101, 102, 95, 99, 111, 117, 110, 116, 34, 58, 48, 44, 34, 115, 111, 102, 116, 95, 100, 101, 108, 101, 116, 101, 100, 34, 58, 102, 97, 108, 115, 101, 44, 34, 115, 101, 103, 109, 101, 110, 116, 115, 34, 58, 91, 93, 44, 34, 115, 101, 97, 108, 101, 100, 95, 111, 102, 102, 115, 101, 116, 34, 58, 48, 44, 34, 102, 105, 108, 101, 95, 98, 97, 115, 101, 34, 58, 48, 44, 34, 112, 101, 110, 100, 105, 110, 103, 95, 99, 111, 109, 112, 97, 99, 116, 105, 111, 110, 34, 58, 110, 117, 108, 108, 44, 34, 100, 117, 114, 97, 98, 108, 101, 95, 116, 97, 105, 108, 34, 58, 55, 125]
 right: [123, 34, 105, 100, 34, 58, 48, 44, 34, 112, 97, 116, 104, 34, 58, 34, 47, 102, 114, 101, 115, 104, 34, 44, 34, 99, 111, 110, 116, 101, 110, 116, 95, 116, 121, 112, 101, 34, 58, 34, 97, 112, 112, 108, 105, 99, 97, 116, 105, 111, 110, 47, 111, 99, 116, 101, 116, 45, 115, 116, 114, 101, 97, 109, 34, 44, 34, 116, 116, 108, 95, 115, 101, 99, 111, 110, 100, 115, 34, 58, 49, 44, 34, 101, 120, 112, 105, 114, 101, 115, 95, 97, 116, 95, 117, 110, 105, 120, 34, 58, 110, 117, 108, 108, 44, 34, 101, 120, 112, 105, 114, 101, 115, 95, 97, 116, 95, 114, 97, 119, 34, 58, 110, 117, 108, 108, 44, 34, 99, 114, 101, 97, 116, 101, 95, 99, 108, 111, 115, 101, 100, 34, 58, 102, 97, 108, 115, 101, 44, 34, 102, 111, 114, 107, 101, 100, 95, 102, 114, 111, 109, 34, 58, 110, 117, 108, 108, 44, 34, 102, 111, 114, 107, 95, 111, 102, 102, 115, 101, 116, 95, 114, 97, 119, 34, 58, 110, 117, 108, 108, 44, 34, 102, 111, 114, 107, 95, 115, 117, 98, 95, 111, 102, 102, 115, 101, 116, 34, 58, 110, 117, 108, 108, 44, 34, 98, 97, 115, 101, 95, 111, 102, 102, 115, 101, 116, 34, 58, 48, 44, 34, 99, 108, 111, 115, 101, 100, 34, 58, 102, 97, 108, 115, 101, 44, 34, 99, 108, 111, 115, 101, 100, 95, 98, 121, 34, 58, 110, 117, 108, 108, 44, 34, 112, 114, 111, 100, 117, 99, 101, 114, 115, 34, 58, 123, 125, 44, 34, 108, 97, 115, 116, 95, 115, 101, 113, 95, 104, 101, 97, 100, 101, 114, 34, 58, 110, 117, 108, 108, 44, 34, 108, 97, 115, 116, 95, 97, 99, 99, 101, 115, 115, 95, 117, 110, 105, 120, 34, 58, 49, 44, 34, 108, 97, 115, 116, 95, 97, 99, 99, 101, 115, 115, 95, 109, 105, 108, 108, 105, 115, 34, 58, 49, 48, 57, 48, 44, 34, 101, 120, 112, 105, 114, 101, 115, 95, 97, 116, 95, 109, 105, 108, 108, 105, 115, 34, 58, 110, 117, 108, 108, 44, 34, 114, 101, 102, 95, 99, 111, 117, 110, 116, 34, 58, 48, 44, 34, 115, 111, 102, 116, 95, 100, 101, 108, 101, 116, 101, 100, 34, 58, 102, 97, 108, 115, 101, 44, 34, 115, 101, 103, 109, 101, 110, 116, 115, 34, 58, 91, 93, 44, 34, 115, 101, 97, 108, 101, 100, 95, 111, 102, 102, 115, 101, 116, 34, 58, 48, 44, 34, 102, 105, 108, 101, 95, 98, 97, 115, 101, 34, 58, 48, 44, 34, 112, 101, 110, 100, 105, 110, 103, 95, 99, 111, 109, 112, 97, 99, 116, 105, 111, 110, 34, 58, 110, 117, 108, 108, 44, 34, 100, 117, 114, 97, 98, 108, 101, 95, 116, 97, 105, 108, 34, 58, 48, 125]

thread 'replication::journal::tests::snapshot_captures_fresh_metadata_without_rewriting_disposable_sidecars' (3551781) panicked at src/replication/journal.rs:1064:17:
assertion `left == right` failed: archive creation must not rewrite disposable sidecars
  left: [123, 34, 105, 100, 34, 58, 48, 44, 34, 112, 97, 116, 104, 34, 58, 34, 47, 102, 114, 101, 115, 104, 34, 44, 34, 99, 111, 110, 116, 101, 110, 116, 95, 116, 121, 112, 101, 34, 58, 34, 97, 112, 112, 108, 105, 99, 97, 116, 105, 111, 110, 47, 111, 99, 116, 101, 116, 45, 115, 116, 114, 101, 97, 109, 34, 44, 34, 116, 116, 108, 95, 115, 101, 99, 111, 110, 100, 115, 34, 58, 49, 44, 34, 101, 120, 112, 105, 114, 101, 115, 95, 97, 116, 95, 117, 110, 105, 120, 34, 58, 110, 117, 108, 108, 44, 34, 101, 120, 112, 105, 114, 101, 115, 95, 97, 116, 95, 114, 97, 119, 34, 58, 110, 117, 108, 108, 44, 34, 99, 114, 101, 97, 116, 101, 95, 99, 108, 111, 115, 101, 100, 34, 58, 102, 97, 108, 115, 101, 44, 34, 102, 111, 114, 107, 101, 100, 95, 102, 114, 111, 109, 34, 58, 110, 117, 108, 108, 44, 34, 102, 111, 114, 107, 95, 111, 102, 102, 115, 101, 116, 95, 114, 97, 119, 34, 58, 110, 117, 108, 108, 44, 34, 102, 111, 114, 107, 95, 115, 117, 98, 95, 111, 102, 102, 115, 101, 116, 34, 58, 110, 117, 108, 108, 44, 34, 98, 97, 115, 101, 95, 111, 102, 102, 115, 101, 116, 34, 58, 48, 44, 34, 99, 108, 111, 115, 101, 100, 34, 58, 102, 97, 108, 115, 101, 44, 34, 99, 108, 111, 115, 101, 100, 95, 98, 121, 34, 58, 110, 117, 108, 108, 44, 34, 112, 114, 111, 100, 117, 99, 101, 114, 115, 34, 58, 123, 34, 115, 110, 97, 112, 115, 104, 111, 116, 45, 112, 34, 58, 123, 34, 101, 112, 111, 99, 104, 34, 58, 55, 44, 34, 108, 97, 115, 116, 95, 115, 101, 113, 34, 58, 49, 125, 125, 44, 34, 108, 97, 115, 116, 95, 115, 101, 113, 95, 104, 101, 97, 100, 101, 114, 34, 58, 110, 117, 108, 108, 44, 34, 108, 97, 115, 116, 95, 97, 99, 99, 101, 115, 115, 95, 117, 110, 105, 120, 34, 58, 49, 44, 34, 108, 97, 115, 116, 95, 97, 99, 99, 101, 115, 115, 95, 109, 105, 108, 108, 105, 115, 34, 58, 49, 49, 49, 48, 44, 34, 101, 120, 112, 105, 114, 101, 115, 95, 97, 116, 95, 109, 105, 108, 108, 105, 115, 34, 58, 110, 117, 108, 108, 44, 34, 114, 101, 102, 95, 99, 111, 117, 110, 116, 34, 58, 48, 44, 34, 115, 111, 102, 116, 95, 100, 101, 108, 101, 116, 101, 100, 34, 58, 102, 97, 108, 115, 101, 44, 34, 115, 101, 103, 109, 101, 110, 116, 115, 34, 58, 91, 93, 44, 34, 115, 101, 97, 108, 101, 100, 95, 111, 102, 102, 115, 101, 116, 34, 58, 48, 44, 34, 102, 105, 108, 101, 95, 98, 97, 115, 101, 34, 58, 48, 44, 34, 112, 101, 110, 100, 105, 110, 103, 95, 99, 111, 109, 112, 97, 99, 116, 105, 111, 110, 34, 58, 110, 117, 108, 108, 44, 34, 100, 117, 114, 97, 98, 108, 101, 95, 116, 97, 105, 108, 34, 58, 55, 125]
 right: [123, 34, 105, 100, 34, 58, 48, 44, 34, 112, 97, 116, 104, 34, 58, 34, 47, 102, 114, 101, 115, 104, 34, 44, 34, 99, 111, 110, 116, 101, 110, 116, 95, 116, 121, 112, 101, 34, 58, 34, 97, 112, 112, 108, 105, 99, 97, 116, 105, 111, 110, 47, 111, 99, 116, 101, 116, 45, 115, 116, 114, 101, 97, 109, 34, 44, 34, 116, 116, 108, 95, 115, 101, 99, 111, 110, 100, 115, 34, 58, 49, 44, 34, 101, 120, 112, 105, 114, 101, 115, 95, 97, 116, 95, 117, 110, 105, 120, 34, 58, 110, 117, 108, 108, 44, 34, 101, 120, 112, 105, 114, 101, 115, 95, 97, 116, 95, 114, 97, 119, 34, 58, 110, 117, 108, 108, 44, 34, 99, 114, 101, 97, 116, 101, 95, 99, 108, 111, 115, 101, 100, 34, 58, 102, 97, 108, 115, 101, 44, 34, 102, 111, 114, 107, 101, 100, 95, 102, 114, 111, 109, 34, 58, 110, 117, 108, 108, 44, 34, 102, 111, 114, 107, 95, 111, 102, 102, 115, 101, 116, 95, 114, 97, 119, 34, 58, 110, 117, 108, 108, 44, 34, 102, 111, 114, 107, 95, 115, 117, 98, 95, 111, 102, 102, 115, 101, 116, 34, 58, 110, 117, 108, 108, 44, 34, 98, 97, 115, 101, 95, 111, 102, 102, 115, 101, 116, 34, 58, 48, 44, 34, 99, 108, 111, 115, 101, 100, 34, 58, 102, 97, 108, 115, 101, 44, 34, 99, 108, 111, 115, 101, 100, 95, 98, 121, 34, 58, 110, 117, 108, 108, 44, 34, 112, 114, 111, 100, 117, 99, 101, 114, 115, 34, 58, 123, 125, 44, 34, 108, 97, 115, 116, 95, 115, 101, 113, 95, 104, 101, 97, 100, 101, 114, 34, 58, 110, 117, 108, 108, 44, 34, 108, 97, 115, 116, 95, 97, 99, 99, 101, 115, 115, 95, 117, 110, 105, 120, 34, 58, 49, 44, 34, 108, 97, 115, 116, 95, 97, 99, 99, 101, 115, 115, 95, 109, 105, 108, 108, 105, 115, 34, 58, 49, 48, 57, 48, 44, 34, 101, 120, 112, 105, 114, 101, 115, 95, 97, 116, 95, 109, 105, 108, 108, 105, 115, 34, 58, 110, 117, 108, 108, 44, 34, 114, 101, 102, 95, 99, 111, 117, 110, 116, 34, 58, 48, 44, 34, 115, 111, 102, 116, 95, 100, 101, 108, 101, 116, 101, 100, 34, 58, 102, 97, 108, 115, 101, 44, 34, 115, 101, 103, 109, 101, 110, 116, 115, 34, 58, 91, 93, 44, 34, 115, 101, 97, 108, 101, 100, 95, 111, 102, 102, 115, 101, 116, 34, 58, 48, 44, 34, 102, 105, 108, 101, 95, 98, 97, 115, 101, 34, 58, 48, 44, 34, 112, 101, 110, 100, 105, 110, 103, 95, 99, 111, 109, 112, 97, 99, 116, 105, 111, 110, 34, 58, 110, 117, 108, 108, 44, 34, 100, 117, 114, 97, 98, 108, 101, 95, 116, 97, 105, 108, 34, 58, 48, 125]

thread 'replication::journal::tests::snapshot_captures_fresh_metadata_without_rewriting_disposable_sidecars' (3551781) panicked at src/replication/journal.rs:1064:17:
assertion `left == right` failed: archive creation must not rewrite disposable sidecars
  left: [123, 34, 105, 100, 34, 58, 48, 44, 34, 112, 97, 116, 104, 34, 58, 34, 47, 102, 114, 101, 115, 104, 34, 44, 34, 99, 111, 110, 116, 101, 110, 116, 95, 116, 121, 112, 101, 34, 58, 34, 97, 112, 112, 108, 105, 99, 97, 116, 105, 111, 110, 47, 111, 99, 116, 101, 116, 45, 115, 116, 114, 101, 97, 109, 34, 44, 34, 116, 116, 108, 95, 115, 101, 99, 111, 110, 100, 115, 34, 58, 49, 44, 34, 101, 120, 112, 105, 114, 101, 115, 95, 97, 116, 95, 117, 110, 105, 120, 34, 58, 110, 117, 108, 108, 44, 34, 101, 120, 112, 105, 114, 101, 115, 95, 97, 116, 95, 114, 97, 119, 34, 58, 110, 117, 108, 108, 44, 34, 99, 114, 101, 97, 116, 101, 95, 99, 108, 111, 115, 101, 100, 34, 58, 102, 97, 108, 115, 101, 44, 34, 102, 111, 114, 107, 101, 100, 95, 102, 114, 111, 109, 34, 58, 110, 117, 108, 108, 44, 34, 102, 111, 114, 107, 95, 111, 102, 102, 115, 101, 116, 95, 114, 97, 119, 34, 58, 110, 117, 108, 108, 44, 34, 102, 111, 114, 107, 95, 115, 117, 98, 95, 111, 102, 102, 115, 101, 116, 34, 58, 110, 117, 108, 108, 44, 34, 98, 97, 115, 101, 95, 111, 102, 102, 115, 101, 116, 34, 58, 48, 44, 34, 99, 108, 111, 115, 101, 100, 34, 58, 102, 97, 108, 115, 101, 44, 34, 99, 108, 111, 115, 101, 100, 95, 98, 121, 34, 58, 110, 117, 108, 108, 44, 34, 112, 114, 111, 100, 117, 99, 101, 114, 115, 34, 58, 123, 34, 115, 110, 97, 112, 115, 104, 111, 116, 45, 112, 34, 58, 123, 34, 101, 112, 111, 99, 104, 34, 58, 55, 44, 34, 108, 97, 115, 116, 95, 115, 101, 113, 34, 58, 49, 125, 125, 44, 34, 108, 97, 115, 116, 95, 115, 101, 113, 95, 104, 101, 97, 100, 101, 114, 34, 58, 110, 117, 108, 108, 44, 34, 108, 97, 115, 116, 95, 97, 99, 99, 101, 115, 115, 95, 117, 110, 105, 120, 34, 58, 49, 44, 34, 108, 97, 115, 116, 95, 97, 99, 99, 101, 115, 115, 95, 109, 105, 108, 108, 105, 115, 34, 58, 49, 49, 49, 48, 44, 34, 101, 120, 112, 105, 114, 101, 115, 95, 97, 116, 95, 109, 105, 108, 108, 105, 115, 34, 58, 110, 117, 108, 108, 44, 34, 114, 101, 102, 95, 99, 111, 117, 110, 116, 34, 58, 48, 44, 34, 115, 111, 102, 116, 95, 100, 101, 108, 101, 116, 101, 100, 34, 58, 102, 97, 108, 115, 101, 44, 34, 115, 101, 103, 109, 101, 110, 116, 115, 34, 58, 91, 93, 44, 34, 115, 101, 97, 108, 101, 100, 95, 111, 102, 102, 115, 101, 116, 34, 58, 48, 44, 34, 102, 105, 108, 101, 95, 98, 97, 115, 101, 34, 58, 48, 44, 34, 112, 101, 110, 100, 105, 110, 103, 95, 99, 111, 109, 112, 97, 99, 116, 105, 111, 110, 34, 58, 110, 117, 108, 108, 44, 34, 100, 117, 114, 97, 98, 108, 101, 95, 116, 97, 105, 108, 34, 58, 55, 125]
 right: [123, 34, 105, 100, 34, 58, 48, 44, 34, 112, 97, 116, 104, 34, 58, 34, 47, 102, 114, 101, 115, 104, 34, 44, 34, 99, 111, 110, 116, 101, 110, 116, 95, 116, 121, 112, 101, 34, 58, 34, 97, 112, 112, 108, 105, 99, 97, 116, 105, 111, 110, 47, 111, 99, 116, 101, 116, 45, 115, 116, 114, 101, 97, 109, 34, 44, 34, 116, 116, 108, 95, 115, 101, 99, 111, 110, 100, 115, 34, 58, 49, 44, 34, 101, 120, 112, 105, 114, 101, 115, 95, 97, 116, 95, 117, 110, 105, 120, 34, 58, 110, 117, 108, 108, 44, 34, 101, 120, 112, 105, 114, 101, 115, 95, 97, 116, 95, 114, 97, 119, 34, 58, 110, 117, 108, 108, 44, 34, 99, 114, 101, 97, 116, 101, 95, 99, 108, 111, 115, 101, 100, 34, 58, 102, 97, 108, 115, 101, 44, 34, 102, 111, 114, 107, 101, 100, 95, 102, 114, 111, 109, 34, 58, 110, 117, 108, 108, 44, 34, 102, 111, 114, 107, 95, 111, 102, 102, 115, 101, 116, 95, 114, 97, 119, 34, 58, 110, 117, 108, 108, 44, 34, 102, 111, 114, 107, 95, 115, 117, 98, 95, 111, 102, 102, 115, 101, 116, 34, 58, 110, 117, 108, 108, 44, 34, 98, 97, 115, 101, 95, 111, 102, 102, 115, 101, 116, 34, 58, 48, 44, 34, 99, 108, 111, 115, 101, 100, 34, 58, 102, 97, 108, 115, 101, 44, 34, 99, 108, 111, 115, 101, 100, 95, 98, 121, 34, 58, 110, 117, 108, 108, 44, 34, 112, 114, 111, 100, 117, 99, 101, 114, 115, 34, 58, 123, 125, 44, 34, 108, 97, 115, 116, 95, 115, 101, 113, 95, 104, 101, 97, 100, 101, 114, 34, 58, 110, 117, 108, 108, 44, 34, 108, 97, 115, 116, 95, 97, 99, 99, 101, 115, 115, 95, 117, 110, 105, 120, 34, 58, 49, 44, 34, 108, 97, 115, 116, 95, 97, 99, 99, 101, 115, 115, 95, 109, 105, 108, 108, 105, 115, 34, 58, 49, 48, 57, 48, 44, 34, 101, 120, 112, 105, 114, 101, 115, 95, 97, 116, 95, 109, 105, 108, 108, 105, 115, 34, 58, 110, 117, 108, 108, 44, 34, 114, 101, 102, 95, 99, 111, 117, 110, 116, 34, 58, 48, 44, 34, 115, 111, 102, 116, 95, 100, 101, 108, 101, 116, 101, 100, 34, 58, 102, 97, 108, 115, 101, 44, 34, 115, 101, 103, 109, 101, 110, 116, 115, 34, 58, 91, 93, 44, 34, 115, 101, 97, 108, 101, 100, 95, 111, 102, 102, 115, 101, 116, 34, 58, 48, 44, 34, 102, 105, 108, 101, 95, 98, 97, 115, 101, 34, 58, 48, 44, 34, 112, 101, 110, 100, 105, 110, 103, 95, 99, 111, 109, 112, 97, 99, 116, 105, 111, 110, 34, 58, 110, 117, 108, 108, 44, 34, 100, 117, 114, 97, 98, 108, 101, 95, 116, 97, 105, 108, 34, 58, 48, 125]

thread 'replication::journal::tests::snapshot_captures_fresh_metadata_without_rewriting_disposable_sidecars' (3551781) panicked at src/replication/journal.rs:1064:17:
assertion `left == right` failed: archive creation must not rewrite disposable sidecars
  left: [123, 34, 105, 100, 34, 58, 48, 44, 34, 112, 97, 116, 104, 34, 58, 34, 47, 102, 114, 101, 115, 104, 34, 44, 34, 99, 111, 110, 116, 101, 110, 116, 95, 116, 121, 112, 101, 34, 58, 34, 97, 112, 112, 108, 105, 99, 97, 116, 105, 111, 110, 47, 111, 99, 116, 101, 116, 45, 115, 116, 114, 101, 97, 109, 34, 44, 34, 116, 116, 108, 95, 115, 101, 99, 111, 110, 100, 115, 34, 58, 49, 44, 34, 101, 120, 112, 105, 114, 101, 115, 95, 97, 116, 95, 117, 110, 105, 120, 34, 58, 110, 117, 108, 108, 44, 34, 101, 120, 112, 105, 114, 101, 115, 95, 97, 116, 95, 114, 97, 119, 34, 58, 110, 117, 108, 108, 44, 34, 99, 114, 101, 97, 116, 101, 95, 99, 108, 111, 115, 101, 100, 34, 58, 102, 97, 108, 115, 101, 44, 34, 102, 111, 114, 107, 101, 100, 95, 102, 114, 111, 109, 34, 58, 110, 117, 108, 108, 44, 34, 102, 111, 114, 107, 95, 111, 102, 102, 115, 101, 116, 95, 114, 97, 119, 34, 58, 110, 117, 108, 108, 44, 34, 102, 111, 114, 107, 95, 115, 117, 98, 95, 111, 102, 102, 115, 101, 116, 34, 58, 110, 117, 108, 108, 44, 34, 98, 97, 115, 101, 95, 111, 102, 102, 115, 101, 116, 34, 58, 48, 44, 34, 99, 108, 111, 115, 101, 100, 34, 58, 102, 97, 108, 115, 101, 44, 34, 99, 108, 111, 115, 101, 100, 95, 98, 121, 34, 58, 110, 117, 108, 108, 44, 34, 112, 114, 111, 100, 117, 99, 101, 114, 115, 34, 58, 123, 34, 115, 110, 97, 112, 115, 104, 111, 116, 45, 112, 34, 58, 123, 34, 101, 112, 111, 99, 104, 34, 58, 55, 44, 34, 108, 97, 115, 116, 95, 115, 101, 113, 34, 58, 49, 125, 125, 44, 34, 108, 97, 115, 116, 95, 115, 101, 113, 95, 104, 101, 97, 100, 101, 114, 34, 58, 110, 117, 108, 108, 44, 34, 108, 97, 115, 116, 95, 97, 99, 99, 101, 115, 115, 95, 117, 110, 105, 120, 34, 58, 49, 44, 34, 108, 97, 115, 116, 95, 97, 99, 99, 101, 115, 115, 95, 109, 105, 108, 108, 105, 115, 34, 58, 49, 49, 49, 48, 44, 34, 101, 120, 112, 105, 114, 101, 115, 95, 97, 116, 95, 109, 105, 108, 108, 105, 115, 34, 58, 110, 117, 108, 108, 44, 34, 114, 101, 102, 95, 99, 111, 117, 110, 116, 34, 58, 48, 44, 34, 115, 111, 102, 116, 95, 100, 101, 108, 101, 116, 101, 100, 34, 58, 102, 97, 108, 115, 101, 44, 34, 115, 101, 103, 109, 101, 110, 116, 115, 34, 58, 91, 93, 44, 34, 115, 101, 97, 108, 101, 100, 95, 111, 102, 102, 115, 101, 116, 34, 58, 48, 44, 34, 102, 105, 108, 101, 95, 98, 97, 115, 101, 34, 58, 48, 44, 34, 112, 101, 110, 100, 105, 110, 103, 95, 99, 111, 109, 112, 97, 99, 116, 105, 111, 110, 34, 58, 110, 117, 108, 108, 44, 34, 100, 117, 114, 97, 98, 108, 101, 95, 116, 97, 105, 108, 34, 58, 55, 125]
 right: [123, 34, 105, 100, 34, 58, 48, 44, 34, 112, 97, 116, 104, 34, 58, 34, 47, 102, 114, 101, 115, 104, 34, 44, 34, 99, 111, 110, 116, 101, 110, 116, 95, 116, 121, 112, 101, 34, 58, 34, 97, 112, 112, 108, 105, 99, 97, 116, 105, 111, 110, 47, 111, 99, 116, 101, 116, 45, 115, 116, 114, 101, 97, 109, 34, 44, 34, 116, 116, 108, 95, 115, 101, 99, 111, 110, 100, 115, 34, 58, 49, 44, 34, 101, 120, 112, 105, 114, 101, 115, 95, 97, 116, 95, 117, 110, 105, 120, 34, 58, 110, 117, 108, 108, 44, 34, 101, 120, 112, 105, 114, 101, 115, 95, 97, 116, 95, 114, 97, 119, 34, 58, 110, 117, 108, 108, 44, 34, 99, 114, 101, 97, 116, 101, 95, 99, 108, 111, 115, 101, 100, 34, 58, 102, 97, 108, 115, 101, 44, 34, 102, 111, 114, 107, 101, 100, 95, 102, 114, 111, 109, 34, 58, 110, 117, 108, 108, 44, 34, 102, 111, 114, 107, 95, 111, 102, 102, 115, 101, 116, 95, 114, 97, 119, 34, 58, 110, 117, 108, 108, 44, 34, 102, 111, 114, 107, 95, 115, 117, 98, 95, 111, 102, 102, 115, 101, 116, 34, 58, 110, 117, 108, 108, 44, 34, 98, 97, 115, 101, 95, 111, 102, 102, 115, 101, 116, 34, 58, 48, 44, 34, 99, 108, 111, 115, 101, 100, 34, 58, 102, 97, 108, 115, 101, 44, 34, 99, 108, 111, 115, 101, 100, 95, 98, 121, 34, 58, 110, 117, 108, 108, 44, 34, 112, 114, 111, 100, 117, 99, 101, 114, 115, 34, 58, 123, 125, 44, 34, 108, 97, 115, 116, 95, 115, 101, 113, 95, 104, 101, 97, 100, 101, 114, 34, 58, 110, 117, 108, 108, 44, 34, 108, 97, 115, 116, 95, 97, 99, 99, 101, 115, 115, 95, 117, 110, 105, 120, 34, 58, 49, 44, 34, 108, 97, 115, 116, 95, 97, 99, 99, 101, 115, 115, 95, 109, 105, 108, 108, 105, 115, 34, 58, 49, 48, 57, 48, 44, 34, 101, 120, 112, 105, 114, 101, 115, 95, 97, 116, 95, 109, 105, 108, 108, 105, 115, 34, 58, 110, 117, 108, 108, 44, 34, 114, 101, 102, 95, 99, 111, 117, 110, 116, 34, 58, 48, 44, 34, 115, 111, 102, 116, 95, 100, 101, 108, 101, 116, 101, 100, 34, 58, 102, 97, 108, 115, 101, 44, 34, 115, 101, 103, 109, 101, 110, 116, 115, 34, 58, 91, 93, 44, 34, 115, 101, 97, 108, 101, 100, 95, 111, 102, 102, 115, 101, 116, 34, 58, 48, 44, 34, 102, 105, 108, 101, 95, 98, 97, 115, 101, 34, 58, 48, 44, 34, 112, 101, 110, 100, 105, 110, 103, 95, 99, 111, 109, 112, 97, 99, 116, 105, 111, 110, 34, 58, 110, 117, 108, 108, 44, 34, 100, 117, 114, 97, 98, 108, 101, 95, 116, 97, 105, 108, 34, 58, 48, 125]

thread 'replication::journal::tests::snapshot_captures_fresh_metadata_without_rewriting_disposable_sidecars' (3551781) panicked at src/replication/journal.rs:1064:17:
assertion `left == right` failed: archive creation must not rewrite disposable sidecars
  left: [123, 34, 105, 100, 34, 58, 48, 44, 34, 112, 97, 116, 104, 34, 58, 34, 47, 102, 114, 101, 115, 104, 34, 44, 34, 99, 111, 110, 116, 101, 110, 116, 95, 116, 121, 112, 101, 34, 58, 34, 97, 112, 112, 108, 105, 99, 97, 116, 105, 111, 110, 47, 111, 99, 116, 101, 116, 45, 115, 116, 114, 101, 97, 109, 34, 44, 34, 116, 116, 108, 95, 115, 101, 99, 111, 110, 100, 115, 34, 58, 49, 44, 34, 101, 120, 112, 105, 114, 101, 115, 95, 97, 116, 95, 117, 110, 105, 120, 34, 58, 110, 117, 108, 108, 44, 34, 101, 120, 112, 105, 114, 101, 115, 95, 97, 116, 95, 114, 97, 119, 34, 58, 110, 117, 108, 108, 44, 34, 99, 114, 101, 97, 116, 101, 95, 99, 108, 111, 115, 101, 100, 34, 58, 102, 97, 108, 115, 101, 44, 34, 102, 111, 114, 107, 101, 100, 95, 102, 114, 111, 109, 34, 58, 110, 117, 108, 108, 44, 34, 102, 111, 114, 107, 95, 111, 102, 102, 115, 101, 116, 95, 114, 97, 119, 34, 58, 110, 117, 108, 108, 44, 34, 102, 111, 114, 107, 95, 115, 117, 98, 95, 111, 102, 102, 115, 101, 116, 34, 58, 110, 117, 108, 108, 44, 34, 98, 97, 115, 101, 95, 111, 102, 102, 115, 101, 116, 34, 58, 48, 44, 34, 99, 108, 111, 115, 101, 100, 34, 58, 102, 97, 108, 115, 101, 44, 34, 99, 108, 111, 115, 101, 100, 95, 98, 121, 34, 58, 110, 117, 108, 108, 44, 34, 112, 114, 111, 100, 117, 99, 101, 114, 115, 34, 58, 123, 34, 115, 110, 97, 112, 115, 104, 111, 116, 45, 112, 34, 58, 123, 34, 101, 112, 111, 99, 104, 34, 58, 55, 44, 34, 108, 97, 115, 116, 95, 115, 101, 113, 34, 58, 49, 125, 125, 44, 34, 108, 97, 115, 116, 95, 115, 101, 113, 95, 104, 101, 97, 100, 101, 114, 34, 58, 110, 117, 108, 108, 44, 34, 108, 97, 115, 116, 95, 97, 99, 99, 101, 115, 115, 95, 117, 110, 105, 120, 34, 58, 49, 44, 34, 108, 97, 115, 116, 95, 97, 99, 99, 101, 115, 115, 95, 109, 105, 108, 108, 105, 115, 34, 58, 49, 49, 49, 48, 44, 34, 101, 120, 112, 105, 114, 101, 115, 95, 97, 116, 95, 109, 105, 108, 108, 105, 115, 34, 58, 110, 117, 108, 108, 44, 34, 114, 101, 102, 95, 99, 111, 117, 110, 116, 34, 58, 48, 44, 34, 115, 111, 102, 116, 95, 100, 101, 108, 101, 116, 101, 100, 34, 58, 102, 97, 108, 115, 101, 44, 34, 115, 101, 103, 109, 101, 110, 116, 115, 34, 58, 91, 93, 44, 34, 115, 101, 97, 108, 101, 100, 95, 111, 102, 102, 115, 101, 116, 34, 58, 48, 44, 34, 102, 105, 108, 101, 95, 98, 97, 115, 101, 34, 58, 48, 44, 34, 112, 101, 110, 100, 105, 110, 103, 95, 99, 111, 109, 112, 97, 99, 116, 105, 111, 110, 34, 58, 110, 117, 108, 108, 44, 34, 100, 117, 114, 97, 98, 108, 101, 95, 116, 97, 105, 108, 34, 58, 54, 125]
 right: [123, 34, 105, 100, 34, 58, 48, 44, 34, 112, 97, 116, 104, 34, 58, 34, 47, 102, 114, 101, 115, 104, 34, 44, 34, 99, 111, 110, 116, 101, 110, 116, 95, 116, 121, 112, 101, 34, 58, 34, 97, 112, 112, 108, 105, 99, 97, 116, 105, 111, 110, 47, 111, 99, 116, 101, 116, 45, 115, 116, 114, 101, 97, 109, 34, 44, 34, 116, 116, 108, 95, 115, 101, 99, 111, 110, 100, 115, 34, 58, 49, 44, 34, 101, 120, 112, 105, 114, 101, 115, 95, 97, 116, 95, 117, 110, 105, 120, 34, 58, 110, 117, 108, 108, 44, 34, 101, 120, 112, 105, 114, 101, 115, 95, 97, 116, 95, 114, 97, 119, 34, 58, 110, 117, 108, 108, 44, 34, 99, 114, 101, 97, 116, 101, 95, 99, 108, 111, 115, 101, 100, 34, 58, 102, 97, 108, 115, 101, 44, 34, 102, 111, 114, 107, 101, 100, 95, 102, 114, 111, 109, 34, 58, 110, 117, 108, 108, 44, 34, 102, 111, 114, 107, 95, 111, 102, 102, 115, 101, 116, 95, 114, 97, 119, 34, 58, 110, 117, 108, 108, 44, 34, 102, 111, 114, 107, 95, 115, 117, 98, 95, 111, 102, 102, 115, 101, 116, 34, 58, 110, 117, 108, 108, 44, 34, 98, 97, 115, 101, 95, 111, 102, 102, 115, 101, 116, 34, 58, 48, 44, 34, 99, 108, 111, 115, 101, 100, 34, 58, 102, 97, 108, 115, 101, 44, 34, 99, 108, 111, 115, 101, 100, 95, 98, 121, 34, 58, 110, 117, 108, 108, 44, 34, 112, 114, 111, 100, 117, 99, 101, 114, 115, 34, 58, 123, 125, 44, 34, 108, 97, 115, 116, 95, 115, 101, 113, 95, 104, 101, 97, 100, 101, 114, 34, 58, 110, 117, 108, 108, 44, 34, 108, 97, 115, 116, 95, 97, 99, 99, 101, 115, 115, 95, 117, 110, 105, 120, 34, 58, 49, 44, 34, 108, 97, 115, 116, 95, 97, 99, 99, 101, 115, 115, 95, 109, 105, 108, 108, 105, 115, 34, 58, 49, 48, 57, 48, 44, 34, 101, 120, 112, 105, 114, 101, 115, 95, 97, 116, 95, 109, 105, 108, 108, 105, 115, 34, 58, 110, 117, 108, 108, 44, 34, 114, 101, 102, 95, 99, 111, 117, 110, 116, 34, 58, 48, 44, 34, 115, 111, 102, 116, 95, 100, 101, 108, 101, 116, 101, 100, 34, 58, 102, 97, 108, 115, 101, 44, 34, 115, 101, 103, 109, 101, 110, 116, 115, 34, 58, 91, 93, 44, 34, 115, 101, 97, 108, 101, 100, 95, 111, 102, 102, 115, 101, 116, 34, 58, 48, 44, 34, 102, 105, 108, 101, 95, 98, 97, 115, 101, 34, 58, 48, 44, 34, 112, 101, 110, 100, 105, 110, 103, 95, 99, 111, 109, 112, 97, 99, 116, 105, 111, 110, 34, 58, 110, 117, 108, 108, 44, 34, 100, 117, 114, 97, 98, 108, 101, 95, 116, 97, 105, 108, 34, 58, 48, 125]

thread 'replication::journal::tests::snapshot_captures_fresh_metadata_without_rewriting_disposable_sidecars' (3551781) panicked at src/replication/journal.rs:1064:17:
assertion `left == right` failed: archive creation must not rewrite disposable sidecars
  left: [123, 34, 105, 100, 34, 58, 48, 44, 34, 112, 97, 116, 104, 34, 58, 34, 47, 102, 114, 101, 115, 104, 34, 44, 34, 99, 111, 110, 116, 101, 110, 116, 95, 116, 121, 112, 101, 34, 58, 34, 97, 112, 112, 108, 105, 99, 97, 116, 105, 111, 110, 47, 111, 99, 116, 101, 116, 45, 115, 116, 114, 101, 97, 109, 34, 44, 34, 116, 116, 108, 95, 115, 101, 99, 111, 110, 100, 115, 34, 58, 49, 44, 34, 101, 120, 112, 105, 114, 101, 115, 95, 97, 116, 95, 117, 110, 105, 120, 34, 58, 110, 117, 108, 108, 44, 34, 101, 120, 112, 105, 114, 101, 115, 95, 97, 116, 95, 114, 97, 119, 34, 58, 110, 117, 108, 108, 44, 34, 99, 114, 101, 97, 116, 101, 95, 99, 108, 111, 115, 101, 100, 34, 58, 102, 97, 108, 115, 101, 44, 34, 102, 111, 114, 107, 101, 100, 95, 102, 114, 111, 109, 34, 58, 110, 117, 108, 108, 44, 34, 102, 111, 114, 107, 95, 111, 102, 102, 115, 101, 116, 95, 114, 97, 119, 34, 58, 110, 117, 108, 108, 44, 34, 102, 111, 114, 107, 95, 115, 117, 98, 95, 111, 102, 102, 115, 101, 116, 34, 58, 110, 117, 108, 108, 44, 34, 98, 97, 115, 101, 95, 111, 102, 102, 115, 101, 116, 34, 58, 48, 44, 34, 99, 108, 111, 115, 101, 100, 34, 58, 102, 97, 108, 115, 101, 44, 34, 99, 108, 111, 115, 101, 100, 95, 98, 121, 34, 58, 110, 117, 108, 108, 44, 34, 112, 114, 111, 100, 117, 99, 101, 114, 115, 34, 58, 123, 34, 115, 110, 97, 112, 115, 104, 111, 116, 45, 112, 34, 58, 123, 34, 101, 112, 111, 99, 104, 34, 58, 55, 44, 34, 108, 97, 115, 116, 95, 115, 101, 113, 34, 58, 49, 125, 125, 44, 34, 108, 97, 115, 116, 95, 115, 101, 113, 95, 104, 101, 97, 100, 101, 114, 34, 58, 110, 117, 108, 108, 44, 34, 108, 97, 115, 116, 95, 97, 99, 99, 101, 115, 115, 95, 117, 110, 105, 120, 34, 58, 49, 44, 34, 108, 97, 115, 116, 95, 97, 99, 99, 101, 115, 115, 95, 109, 105, 108, 108, 105, 115, 34, 58, 49, 49, 49, 48, 44, 34, 101, 120, 112, 105, 114, 101, 115, 95, 97, 116, 95, 109, 105, 108, 108, 105, 115, 34, 58, 110, 117, 108, 108, 44, 34, 114, 101, 102, 95, 99, 111, 117, 110, 116, 34, 58, 48, 44, 34, 115, 111, 102, 116, 95, 100, 101, 108, 101, 116, 101, 100, 34, 58, 102, 97, 108, 115, 101, 44, 34, 115, 101, 103, 109, 101, 110, 116, 115, 34, 58, 91, 93, 44, 34, 115, 101, 97, 108, 101, 100, 95, 111, 102, 102, 115, 101, 116, 34, 58, 48, 44, 34, 102, 105, 108, 101, 95, 98, 97, 115, 101, 34, 58, 48, 44, 34, 112, 101, 110, 100, 105, 110, 103, 95, 99, 111, 109, 112, 97, 99, 116, 105, 111, 110, 34, 58, 110, 117, 108, 108, 44, 34, 100, 117, 114, 97, 98, 108, 101, 95, 116, 97, 105, 108, 34, 58, 53, 125]
 right: [123, 34, 105, 100, 34, 58, 48, 44, 34, 112, 97, 116, 104, 34, 58, 34, 47, 102, 114, 101, 115, 104, 34, 44, 34, 99, 111, 110, 116, 101, 110, 116, 95, 116, 121, 112, 101, 34, 58, 34, 97, 112, 112, 108, 105, 99, 97, 116, 105, 111, 110, 47, 111, 99, 116, 101, 116, 45, 115, 116, 114, 101, 97, 109, 34, 44, 34, 116, 116, 108, 95, 115, 101, 99, 111, 110, 100, 115, 34, 58, 49, 44, 34, 101, 120, 112, 105, 114, 101, 115, 95, 97, 116, 95, 117, 110, 105, 120, 34, 58, 110, 117, 108, 108, 44, 34, 101, 120, 112, 105, 114, 101, 115, 95, 97, 116, 95, 114, 97, 119, 34, 58, 110, 117, 108, 108, 44, 34, 99, 114, 101, 97, 116, 101, 95, 99, 108, 111, 115, 101, 100, 34, 58, 102, 97, 108, 115, 101, 44, 34, 102, 111, 114, 107, 101, 100, 95, 102, 114, 111, 109, 34, 58, 110, 117, 108, 108, 44, 34, 102, 111, 114, 107, 95, 111, 102, 102, 115, 101, 116, 95, 114, 97, 119, 34, 58, 110, 117, 108, 108, 44, 34, 102, 111, 114, 107, 95, 115, 117, 98, 95, 111, 102, 102, 115, 101, 116, 34, 58, 110, 117, 108, 108, 44, 34, 98, 97, 115, 101, 95, 111, 102, 102, 115, 101, 116, 34, 58, 48, 44, 34, 99, 108, 111, 115, 101, 100, 34, 58, 102, 97, 108, 115, 101, 44, 34, 99, 108, 111, 115, 101, 100, 95, 98, 121, 34, 58, 110, 117, 108, 108, 44, 34, 112, 114, 111, 100, 117, 99, 101, 114, 115, 34, 58, 123, 125, 44, 34, 108, 97, 115, 116, 95, 115, 101, 113, 95, 104, 101, 97, 100, 101, 114, 34, 58, 110, 117, 108, 108, 44, 34, 108, 97, 115, 116, 95, 97, 99, 99, 101, 115, 115, 95, 117, 110, 105, 120, 34, 58, 49, 44, 34, 108, 97, 115, 116, 95, 97, 99, 99, 101, 115, 115, 95, 109, 105, 108, 108, 105, 115, 34, 58, 49, 48, 57, 48, 44, 34, 101, 120, 112, 105, 114, 101, 115, 95, 97, 116, 95, 109, 105, 108, 108, 105, 115, 34, 58, 110, 117, 108, 108, 44, 34, 114, 101, 102, 95, 99, 111, 117, 110, 116, 34, 58, 48, 44, 34, 115, 111, 102, 116, 95, 100, 101, 108, 101, 116, 101, 100, 34, 58, 102, 97, 108, 115, 101, 44, 34, 115, 101, 103, 109, 101, 110, 116, 115, 34, 58, 91, 93, 44, 34, 115, 101, 97, 108, 101, 100, 95, 111, 102, 102, 115, 101, 116, 34, 58, 48, 44, 34, 102, 105, 108, 101, 95, 98, 97, 115, 101, 34, 58, 48, 44, 34, 112, 101, 110, 100, 105, 110, 103, 95, 99, 111, 109, 112, 97, 99, 116, 105, 111, 110, 34, 58, 110, 117, 108, 108, 44, 34, 100, 117, 114, 97, 98, 108, 101, 95, 116, 97, 105, 108, 34, 58, 48, 125]

thread 'replication::journal::tests::snapshot_captures_fresh_metadata_without_rewriting_disposable_sidecars' (3551781) panicked at src/replication/journal.rs:1064:17:
assertion `left == right` failed: archive creation must not rewrite disposable sidecars
  left: [123, 34, 105, 100, 34, 58, 48, 44, 34, 112, 97, 116, 104, 34, 58, 34, 47, 102, 114, 101, 115, 104, 34, 44, 34, 99, 111, 110, 116, 101, 110, 116, 95, 116, 121, 112, 101, 34, 58, 34, 97, 112, 112, 108, 105, 99, 97, 116, 105, 111, 110, 47, 111, 99, 116, 101, 116, 45, 115, 116, 114, 101, 97, 109, 34, 44, 34, 116, 116, 108, 95, 115, 101, 99, 111, 110, 100, 115, 34, 58, 49, 44, 34, 101, 120, 112, 105, 114, 101, 115, 95, 97, 116, 95, 117, 110, 105, 120, 34, 58, 110, 117, 108, 108, 44, 34, 101, 120, 112, 105, 114, 101, 115, 95, 97, 116, 95, 114, 97, 119, 34, 58, 110, 117, 108, 108, 44, 34, 99, 114, 101, 97, 116, 101, 95, 99, 108, 111, 115, 101, 100, 34, 58, 102, 97, 108, 115, 101, 44, 34, 102, 111, 114, 107, 101, 100, 95, 102, 114, 111, 109, 34, 58, 110, 117, 108, 108, 44, 34, 102, 111, 114, 107, 95, 111, 102, 102, 115, 101, 116, 95, 114, 97, 119, 34, 58, 110, 117, 108, 108, 44, 34, 102, 111, 114, 107, 95, 115, 117, 98, 95, 111, 102, 102, 115, 101, 116, 34, 58, 110, 117, 108, 108, 44, 34, 98, 97, 115, 101, 95, 111, 102, 102, 115, 101, 116, 34, 58, 48, 44, 34, 99, 108, 111, 115, 101, 100, 34, 58, 102, 97, 108, 115, 101, 44, 34, 99, 108, 111, 115, 101, 100, 95, 98, 121, 34, 58, 110, 117, 108, 108, 44, 34, 112, 114, 111, 100, 117, 99, 101, 114, 115, 34, 58, 123, 34, 115, 110, 97, 112, 115, 104, 111, 116, 45, 112, 34, 58, 123, 34, 101, 112, 111, 99, 104, 34, 58, 55, 44, 34, 108, 97, 115, 116, 95, 115, 101, 113, 34, 58, 49, 125, 125, 44, 34, 108, 97, 115, 116, 95, 115, 101, 113, 95, 104, 101, 97, 100, 101, 114, 34, 58, 110, 117, 108, 108, 44, 34, 108, 97, 115, 116, 95, 97, 99, 99, 101, 115, 115, 95, 117, 110, 105, 120, 34, 58, 49, 44, 34, 108, 97, 115, 116, 95, 97, 99, 99, 101, 115, 115, 95, 109, 105, 108, 108, 105, 115, 34, 58, 49, 49, 49, 48, 44, 34, 101, 120, 112, 105, 114, 101, 115, 95, 97, 116, 95, 109, 105, 108, 108, 105, 115, 34, 58, 110, 117, 108, 108, 44, 34, 114, 101, 102, 95, 99, 111, 117, 110, 116, 34, 58, 48, 44, 34, 115, 111, 102, 116, 95, 100, 101, 108, 101, 116, 101, 100, 34, 58, 102, 97, 108, 115, 101, 44, 34, 115, 101, 103, 109, 101, 110, 116, 115, 34, 58, 91, 93, 44, 34, 115, 101, 97, 108, 101, 100, 95, 111, 102, 102, 115, 101, 116, 34, 58, 48, 44, 34, 102, 105, 108, 101, 95, 98, 97, 115, 101, 34, 58, 48, 44, 34, 112, 101, 110, 100, 105, 110, 103, 95, 99, 111, 109, 112, 97, 99, 116, 105, 111, 110, 34, 58, 110, 117, 108, 108, 44, 34, 100, 117, 114, 97, 98, 108, 101, 95, 116, 97, 105, 108, 34, 58, 52, 125]
 right: [123, 34, 105, 100, 34, 58, 48, 44, 34, 112, 97, 116, 104, 34, 58, 34, 47, 102, 114, 101, 115, 104, 34, 44, 34, 99, 111, 110, 116, 101, 110, 116, 95, 116, 121, 112, 101, 34, 58, 34, 97, 112, 112, 108, 105, 99, 97, 116, 105, 111, 110, 47, 111, 99, 116, 101, 116, 45, 115, 116, 114, 101, 97, 109, 34, 44, 34, 116, 116, 108, 95, 115, 101, 99, 111, 110, 100, 115, 34, 58, 49, 44, 34, 101, 120, 112, 105, 114, 101, 115, 95, 97, 116, 95, 117, 110, 105, 120, 34, 58, 110, 117, 108, 108, 44, 34, 101, 120, 112, 105, 114, 101, 115, 95, 97, 116, 95, 114, 97, 119, 34, 58, 110, 117, 108, 108, 44, 34, 99, 114, 101, 97, 116, 101, 95, 99, 108, 111, 115, 101, 100, 34, 58, 102, 97, 108, 115, 101, 44, 34, 102, 111, 114, 107, 101, 100, 95, 102, 114, 111, 109, 34, 58, 110, 117, 108, 108, 44, 34, 102, 111, 114, 107, 95, 111, 102, 102, 115, 101, 116, 95, 114, 97, 119, 34, 58, 110, 117, 108, 108, 44, 34, 102, 111, 114, 107, 95, 115, 117, 98, 95, 111, 102, 102, 115, 101, 116, 34, 58, 110, 117, 108, 108, 44, 34, 98, 97, 115, 101, 95, 111, 102, 102, 115, 101, 116, 34, 58, 48, 44, 34, 99, 108, 111, 115, 101, 100, 34, 58, 102, 97, 108, 115, 101, 44, 34, 99, 108, 111, 115, 101, 100, 95, 98, 121, 34, 58, 110, 117, 108, 108, 44, 34, 112, 114, 111, 100, 117, 99, 101, 114, 115, 34, 58, 123, 125, 44, 34, 108, 97, 115, 116, 95, 115, 101, 113, 95, 104, 101, 97, 100, 101, 114, 34, 58, 110, 117, 108, 108, 44, 34, 108, 97, 115, 116, 95, 97, 99, 99, 101, 115, 115, 95, 117, 110, 105, 120, 34, 58, 49, 44, 34, 108, 97, 115, 116, 95, 97, 99, 99, 101, 115, 115, 95, 109, 105, 108, 108, 105, 115, 34, 58, 49, 48, 57, 48, 44, 34, 101, 120, 112, 105, 114, 101, 115, 95, 97, 116, 95, 109, 105, 108, 108, 105, 115, 34, 58, 110, 117, 108, 108, 44, 34, 114, 101, 102, 95, 99, 111, 117, 110, 116, 34, 58, 48, 44, 34, 115, 111, 102, 116, 95, 100, 101, 108, 101, 116, 101, 100, 34, 58, 102, 97, 108, 115, 101, 44, 34, 115, 101, 103, 109, 101, 110, 116, 115, 34, 58, 91, 93, 44, 34, 115, 101, 97, 108, 101, 100, 95, 111, 102, 102, 115, 101, 116, 34, 58, 48, 44, 34, 102, 105, 108, 101, 95, 98, 97, 115, 101, 34, 58, 48, 44, 34, 112, 101, 110, 100, 105, 110, 103, 95, 99, 111, 109, 112, 97, 99, 116, 105, 111, 110, 34, 58, 110, 117, 108, 108, 44, 34, 100, 117, 114, 97, 98, 108, 101, 95, 116, 97, 105, 108, 34, 58, 48, 125]

thread 'replication::journal::tests::snapshot_captures_fresh_metadata_without_rewriting_disposable_sidecars' (3551781) panicked at src/replication/journal.rs:1064:17:
assertion `left == right` failed: archive creation must not rewrite disposable sidecars
  left: [123, 34, 105, 100, 34, 58, 48, 44, 34, 112, 97, 116, 104, 34, 58, 34, 47, 102, 114, 101, 115, 104, 34, 44, 34, 99, 111, 110, 116, 101, 110, 116, 95, 116, 121, 112, 101, 34, 58, 34, 97, 112, 112, 108, 105, 99, 97, 116, 105, 111, 110, 47, 111, 99, 116, 101, 116, 45, 115, 116, 114, 101, 97, 109, 34, 44, 34, 116, 116, 108, 95, 115, 101, 99, 111, 110, 100, 115, 34, 58, 49, 44, 34, 101, 120, 112, 105, 114, 101, 115, 95, 97, 116, 95, 117, 110, 105, 120, 34, 58, 110, 117, 108, 108, 44, 34, 101, 120, 112, 105, 114, 101, 115, 95, 97, 116, 95, 114, 97, 119, 34, 58, 110, 117, 108, 108, 44, 34, 99, 114, 101, 97, 116, 101, 95, 99, 108, 111, 115, 101, 100, 34, 58, 102, 97, 108, 115, 101, 44, 34, 102, 111, 114, 107, 101, 100, 95, 102, 114, 111, 109, 34, 58, 110, 117, 108, 108, 44, 34, 102, 111, 114, 107, 95, 111, 102, 102, 115, 101, 116, 95, 114, 97, 119, 34, 58, 110, 117, 108, 108, 44, 34, 102, 111, 114, 107, 95, 115, 117, 98, 95, 111, 102, 102, 115, 101, 116, 34, 58, 110, 117, 108, 108, 44, 34, 98, 97, 115, 101, 95, 111, 102, 102, 115, 101, 116, 34, 58, 48, 44, 34, 99, 108, 111, 115, 101, 100, 34, 58, 102, 97, 108, 115, 101, 44, 34, 99, 108, 111, 115, 101, 100, 95, 98, 121, 34, 58, 110, 117, 108, 108, 44, 34, 112, 114, 111, 100, 117, 99, 101, 114, 115, 34, 58, 123, 34, 115, 110, 97, 112, 115, 104, 111, 116, 45, 112, 34, 58, 123, 34, 101, 112, 111, 99, 104, 34, 58, 55, 44, 34, 108, 97, 115, 116, 95, 115, 101, 113, 34, 58, 49, 125, 125, 44, 34, 108, 97, 115, 116, 95, 115, 101, 113, 95, 104, 101, 97, 100, 101, 114, 34, 58, 110, 117, 108, 108, 44, 34, 108, 97, 115, 116, 95, 97, 99, 99, 101, 115, 115, 95, 117, 110, 105, 120, 34, 58, 49, 44, 34, 108, 97, 115, 116, 95, 97, 99, 99, 101, 115, 115, 95, 109, 105, 108, 108, 105, 115, 34, 58, 49, 49, 49, 48, 44, 34, 101, 120, 112, 105, 114, 101, 115, 95, 97, 116, 95, 109, 105, 108, 108, 105, 115, 34, 58, 110, 117, 108, 108, 44, 34, 114, 101, 102, 95, 99, 111, 117, 110, 116, 34, 58, 48, 44, 34, 115, 111, 102, 116, 95, 100, 101, 108, 101, 116, 101, 100, 34, 58, 102, 97, 108, 115, 101, 44, 34, 115, 101, 103, 109, 101, 110, 116, 115, 34, 58, 91, 93, 44, 34, 115, 101, 97, 108, 101, 100, 95, 111, 102, 102, 115, 101, 116, 34, 58, 48, 44, 34, 102, 105, 108, 101, 95, 98, 97, 115, 101, 34, 58, 48, 44, 34, 112, 101, 110, 100, 105, 110, 103, 95, 99, 111, 109, 112, 97, 99, 116, 105, 111, 110, 34, 58, 110, 117, 108, 108, 44, 34, 100, 117, 114, 97, 98, 108, 101, 95, 116, 97, 105, 108, 34, 58, 52, 125]
 right: [123, 34, 105, 100, 34, 58, 48, 44, 34, 112, 97, 116, 104, 34, 58, 34, 47, 102, 114, 101, 115, 104, 34, 44, 34, 99, 111, 110, 116, 101, 110, 116, 95, 116, 121, 112, 101, 34, 58, 34, 97, 112, 112, 108, 105, 99, 97, 116, 105, 111, 110, 47, 111, 99, 116, 101, 116, 45, 115, 116, 114, 101, 97, 109, 34, 44, 34, 116, 116, 108, 95, 115, 101, 99, 111, 110, 100, 115, 34, 58, 49, 44, 34, 101, 120, 112, 105, 114, 101, 115, 95, 97, 116, 95, 117, 110, 105, 120, 34, 58, 110, 117, 108, 108, 44, 34, 101, 120, 112, 105, 114, 101, 115, 95, 97, 116, 95, 114, 97, 119, 34, 58, 110, 117, 108, 108, 44, 34, 99, 114, 101, 97, 116, 101, 95, 99, 108, 111, 115, 101, 100, 34, 58, 102, 97, 108, 115, 101, 44, 34, 102, 111, 114, 107, 101, 100, 95, 102, 114, 111, 109, 34, 58, 110, 117, 108, 108, 44, 34, 102, 111, 114, 107, 95, 111, 102, 102, 115, 101, 116, 95, 114, 97, 119, 34, 58, 110, 117, 108, 108, 44, 34, 102, 111, 114, 107, 95, 115, 117, 98, 95, 111, 102, 102, 115, 101, 116, 34, 58, 110, 117, 108, 108, 44, 34, 98, 97, 115, 101, 95, 111, 102, 102, 115, 101, 116, 34, 58, 48, 44, 34, 99, 108, 111, 115, 101, 100, 34, 58, 102, 97, 108, 115, 101, 44, 34, 99, 108, 111, 115, 101, 100, 95, 98, 121, 34, 58, 110, 117, 108, 108, 44, 34, 112, 114, 111, 100, 117, 99, 101, 114, 115, 34, 58, 123, 125, 44, 34, 108, 97, 115, 116, 95, 115, 101, 113, 95, 104, 101, 97, 100, 101, 114, 34, 58, 110, 117, 108, 108, 44, 34, 108, 97, 115, 116, 95, 97, 99, 99, 101, 115, 115, 95, 117, 110, 105, 120, 34, 58, 49, 44, 34, 108, 97, 115, 116, 95, 97, 99, 99, 101, 115, 115, 95, 109, 105, 108, 108, 105, 115, 34, 58, 49, 48, 57, 48, 44, 34, 101, 120, 112, 105, 114, 101, 115, 95, 97, 116, 95, 109, 105, 108, 108, 105, 115, 34, 58, 110, 117, 108, 108, 44, 34, 114, 101, 102, 95, 99, 111, 117, 110, 116, 34, 58, 48, 44, 34, 115, 111, 102, 116, 95, 100, 101, 108, 101, 116, 101, 100, 34, 58, 102, 97, 108, 115, 101, 44, 34, 115, 101, 103, 109, 101, 110, 116, 115, 34, 58, 91, 93, 44, 34, 115, 101, 97, 108, 101, 100, 95, 111, 102, 102, 115, 101, 116, 34, 58, 48, 44, 34, 102, 105, 108, 101, 95, 98, 97, 115, 101, 34, 58, 48, 44, 34, 112, 101, 110, 100, 105, 110, 103, 95, 99, 111, 109, 112, 97, 99, 116, 105, 111, 110, 34, 58, 110, 117, 108, 108, 44, 34, 100, 117, 114, 97, 98, 108, 101, 95, 116, 97, 105, 108, 34, 58, 48, 125]

thread 'replication::journal::tests::snapshot_captures_fresh_metadata_without_rewriting_disposable_sidecars' (3551781) panicked at src/replication/journal.rs:1064:17:
assertion `left == right` failed: archive creation must not rewrite disposable sidecars
  left: [123, 34, 105, 100, 34, 58, 48, 44, 34, 112, 97, 116, 104, 34, 58, 34, 47, 102, 114, 101, 115, 104, 34, 44, 34, 99, 111, 110, 116, 101, 110, 116, 95, 116, 121, 112, 101, 34, 58, 34, 97, 112, 112, 108, 105, 99, 97, 116, 105, 111, 110, 47, 111, 99, 116, 101, 116, 45, 115, 116, 114, 101, 97, 109, 34, 44, 34, 116, 116, 108, 95, 115, 101, 99, 111, 110, 100, 115, 34, 58, 49, 44, 34, 101, 120, 112, 105, 114, 101, 115, 95, 97, 116, 95, 117, 110, 105, 120, 34, 58, 110, 117, 108, 108, 44, 34, 101, 120, 112, 105, 114, 101, 115, 95, 97, 116, 95, 114, 97, 119, 34, 58, 110, 117, 108, 108, 44, 34, 99, 114, 101, 97, 116, 101, 95, 99, 108, 111, 115, 101, 100, 34, 58, 102, 97, 108, 115, 101, 44, 34, 102, 111, 114, 107, 101, 100, 95, 102, 114, 111, 109, 34, 58, 110, 117, 108, 108, 44, 34, 102, 111, 114, 107, 95, 111, 102, 102, 115, 101, 116, 95, 114, 97, 119, 34, 58, 110, 117, 108, 108, 44, 34, 102, 111, 114, 107, 95, 115, 117, 98, 95, 111, 102, 102, 115, 101, 116, 34, 58, 110, 117, 108, 108, 44, 34, 98, 97, 115, 101, 95, 111, 102, 102, 115, 101, 116, 34, 58, 48, 44, 34, 99, 108, 111, 115, 101, 100, 34, 58, 102, 97, 108, 115, 101, 44, 34, 99, 108, 111, 115, 101, 100, 95, 98, 121, 34, 58, 110, 117, 108, 108, 44, 34, 112, 114, 111, 100, 117, 99, 101, 114, 115, 34, 58, 123, 34, 115, 110, 97, 112, 115, 104, 111, 116, 45, 112, 34, 58, 123, 34, 101, 112, 111, 99, 104, 34, 58, 55, 44, 34, 108, 97, 115, 116, 95, 115, 101, 113, 34, 58, 49, 125, 125, 44, 34, 108, 97, 115, 116, 95, 115, 101, 113, 95, 104, 101, 97, 100, 101, 114, 34, 58, 110, 117, 108, 108, 44, 34, 108, 97, 115, 116, 95, 97, 99, 99, 101, 115, 115, 95, 117, 110, 105, 120, 34, 58, 49, 44, 34, 108, 97, 115, 116, 95, 97, 99, 99, 101, 115, 115, 95, 109, 105, 108, 108, 105, 115, 34, 58, 49, 49, 49, 48, 44, 34, 101, 120, 112, 105, 114, 101, 115, 95, 97, 116, 95, 109, 105, 108, 108, 105, 115, 34, 58, 110, 117, 108, 108, 44, 34, 114, 101, 102, 95, 99, 111, 117, 110, 116, 34, 58, 48, 44, 34, 115, 111, 102, 116, 95, 100, 101, 108, 101, 116, 101, 100, 34, 58, 102, 97, 108, 115, 101, 44, 34, 115, 101, 103, 109, 101, 110, 116, 115, 34, 58, 91, 93, 44, 34, 115, 101, 97, 108, 101, 100, 95, 111, 102, 102, 115, 101, 116, 34, 58, 48, 44, 34, 102, 105, 108, 101, 95, 98, 97, 115, 101, 34, 58, 48, 44, 34, 112, 101, 110, 100, 105, 110, 103, 95, 99, 111, 109, 112, 97, 99, 116, 105, 111, 110, 34, 58, 110, 117, 108, 108, 44, 34, 100, 117, 114, 97, 98, 108, 101, 95, 116, 97, 105, 108, 34, 58, 52, 125]
 right: [123, 34, 105, 100, 34, 58, 48, 44, 34, 112, 97, 116, 104, 34, 58, 34, 47, 102, 114, 101, 115, 104, 34, 44, 34, 99, 111, 110, 116, 101, 110, 116, 95, 116, 121, 112, 101, 34, 58, 34, 97, 112, 112, 108, 105, 99, 97, 116, 105, 111, 110, 47, 111, 99, 116, 101, 116, 45, 115, 116, 114, 101, 97, 109, 34, 44, 34, 116, 116, 108, 95, 115, 101, 99, 111, 110, 100, 115, 34, 58, 49, 44, 34, 101, 120, 112, 105, 114, 101, 115, 95, 97, 116, 95, 117, 110, 105, 120, 34, 58, 110, 117, 108, 108, 44, 34, 101, 120, 112, 105, 114, 101, 115, 95, 97, 116, 95, 114, 97, 119, 34, 58, 110, 117, 108, 108, 44, 34, 99, 114, 101, 97, 116, 101, 95, 99, 108, 111, 115, 101, 100, 34, 58, 102, 97, 108, 115, 101, 44, 34, 102, 111, 114, 107, 101, 100, 95, 102, 114, 111, 109, 34, 58, 110, 117, 108, 108, 44, 34, 102, 111, 114, 107, 95, 111, 102, 102, 115, 101, 116, 95, 114, 97, 119, 34, 58, 110, 117, 108, 108, 44, 34, 102, 111, 114, 107, 95, 115, 117, 98, 95, 111, 102, 102, 115, 101, 116, 34, 58, 110, 117, 108, 108, 44, 34, 98, 97, 115, 101, 95, 111, 102, 102, 115, 101, 116, 34, 58, 48, 44, 34, 99, 108, 111, 115, 101, 100, 34, 58, 102, 97, 108, 115, 101, 44, 34, 99, 108, 111, 115, 101, 100, 95, 98, 121, 34, 58, 110, 117, 108, 108, 44, 34, 112, 114, 111, 100, 117, 99, 101, 114, 115, 34, 58, 123, 125, 44, 34, 108, 97, 115, 116, 95, 115, 101, 113, 95, 104, 101, 97, 100, 101, 114, 34, 58, 110, 117, 108, 108, 44, 34, 108, 97, 115, 116, 95, 97, 99, 99, 101, 115, 115, 95, 117, 110, 105, 120, 34, 58, 49, 44, 34, 108, 97, 115, 116, 95, 97, 99, 99, 101, 115, 115, 95, 109, 105, 108, 108, 105, 115, 34, 58, 49, 48, 57, 48, 44, 34, 101, 120, 112, 105, 114, 101, 115, 95, 97, 116, 95, 109, 105, 108, 108, 105, 115, 34, 58, 110, 117, 108, 108, 44, 34, 114, 101, 102, 95, 99, 111, 117, 110, 116, 34, 58, 48, 44, 34, 115, 111, 102, 116, 95, 100, 101, 108, 101, 116, 101, 100, 34, 58, 102, 97, 108, 115, 101, 44, 34, 115, 101, 103, 109, 101, 110, 116, 115, 34, 58, 91, 93, 44, 34, 115, 101, 97, 108, 101, 100, 95, 111, 102, 102, 115, 101, 116, 34, 58, 48, 44, 34, 102, 105, 108, 101, 95, 98, 97, 115, 101, 34, 58, 48, 44, 34, 112, 101, 110, 100, 105, 110, 103, 95, 99, 111, 109, 112, 97, 99, 116, 105, 111, 110, 34, 58, 110, 117, 108, 108, 44, 34, 100, 117, 114, 97, 98, 108, 101, 95, 116, 97, 105, 108, 34, 58, 48, 125]

thread 'replication::journal::tests::snapshot_captures_fresh_metadata_without_rewriting_disposable_sidecars' (3551781) panicked at src/replication/journal.rs:1064:17:
assertion `left == right` failed: archive creation must not rewrite disposable sidecars
  left: [123, 34, 105, 100, 34, 58, 48, 44, 34, 112, 97, 116, 104, 34, 58, 34, 47, 102, 114, 101, 115, 104, 34, 44, 34, 99, 111, 110, 116, 101, 110, 116, 95, 116, 121, 112, 101, 34, 58, 34, 97, 112, 112, 108, 105, 99, 97, 116, 105, 111, 110, 47, 111, 99, 116, 101, 116, 45, 115, 116, 114, 101, 97, 109, 34, 44, 34, 116, 116, 108, 95, 115, 101, 99, 111, 110, 100, 115, 34, 58, 49, 44, 34, 101, 120, 112, 105, 114, 101, 115, 95, 97, 116, 95, 117, 110, 105, 120, 34, 58, 110, 117, 108, 108, 44, 34, 101, 120, 112, 105, 114, 101, 115, 95, 97, 116, 95, 114, 97, 119, 34, 58, 110, 117, 108, 108, 44, 34, 99, 114, 101, 97, 116, 101, 95, 99, 108, 111, 115, 101, 100, 34, 58, 102, 97, 108, 115, 101, 44, 34, 102, 111, 114, 107, 101, 100, 95, 102, 114, 111, 109, 34, 58, 110, 117, 108, 108, 44, 34, 102, 111, 114, 107, 95, 111, 102, 102, 115, 101, 116, 95, 114, 97, 119, 34, 58, 110, 117, 108, 108, 44, 34, 102, 111, 114, 107, 95, 115, 117, 98, 95, 111, 102, 102, 115, 101, 116, 34, 58, 110, 117, 108, 108, 44, 34, 98, 97, 115, 101, 95, 111, 102, 102, 115, 101, 116, 34, 58, 48, 44, 34, 99, 108, 111, 115, 101, 100, 34, 58, 102, 97, 108, 115, 101, 44, 34, 99, 108, 111, 115, 101, 100, 95, 98, 121, 34, 58, 110, 117, 108, 108, 44, 34, 112, 114, 111, 100, 117, 99, 101, 114, 115, 34, 58, 123, 34, 115, 110, 97, 112, 115, 104, 111, 116, 45, 112, 34, 58, 123, 34, 101, 112, 111, 99, 104, 34, 58, 55, 44, 34, 108, 97, 115, 116, 95, 115, 101, 113, 34, 58, 49, 125, 125, 44, 34, 108, 97, 115, 116, 95, 115, 101, 113, 95, 104, 101, 97, 100, 101, 114, 34, 58, 110, 117, 108, 108, 44, 34, 108, 97, 115, 116, 95, 97, 99, 99, 101, 115, 115, 95, 117, 110, 105, 120, 34, 58, 49, 44, 34, 108, 97, 115, 116, 95, 97, 99, 99, 101, 115, 115, 95, 109, 105, 108, 108, 105, 115, 34, 58, 49, 49, 49, 48, 44, 34, 101, 120, 112, 105, 114, 101, 115, 95, 97, 116, 95, 109, 105, 108, 108, 105, 115, 34, 58, 110, 117, 108, 108, 44, 34, 114, 101, 102, 95, 99, 111, 117, 110, 116, 34, 58, 48, 44, 34, 115, 111, 102, 116, 95, 100, 101, 108, 101, 116, 101, 100, 34, 58, 102, 97, 108, 115, 101, 44, 34, 115, 101, 103, 109, 101, 110, 116, 115, 34, 58, 91, 93, 44, 34, 115, 101, 97, 108, 101, 100, 95, 111, 102, 102, 115, 101, 116, 34, 58, 48, 44, 34, 102, 105, 108, 101, 95, 98, 97, 115, 101, 34, 58, 48, 44, 34, 112, 101, 110, 100, 105, 110, 103, 95, 99, 111, 109, 112, 97, 99, 116, 105, 111, 110, 34, 58, 110, 117, 108, 108, 44, 34, 100, 117, 114, 97, 98, 108, 101, 95, 116, 97, 105, 108, 34, 58, 52, 125]
 right: [123, 34, 105, 100, 34, 58, 48, 44, 34, 112, 97, 116, 104, 34, 58, 34, 47, 102, 114, 101, 115, 104, 34, 44, 34, 99, 111, 110, 116, 101, 110, 116, 95, 116, 121, 112, 101, 34, 58, 34, 97, 112, 112, 108, 105, 99, 97, 116, 105, 111, 110, 47, 111, 99, 116, 101, 116, 45, 115, 116, 114, 101, 97, 109, 34, 44, 34, 116, 116, 108, 95, 115, 101, 99, 111, 110, 100, 115, 34, 58, 49, 44, 34, 101, 120, 112, 105, 114, 101, 115, 95, 97, 116, 95, 117, 110, 105, 120, 34, 58, 110, 117, 108, 108, 44, 34, 101, 120, 112, 105, 114, 101, 115, 95, 97, 116, 95, 114, 97, 119, 34, 58, 110, 117, 108, 108, 44, 34, 99, 114, 101, 97, 116, 101, 95, 99, 108, 111, 115, 101, 100, 34, 58, 102, 97, 108, 115, 101, 44, 34, 102, 111, 114, 107, 101, 100, 95, 102, 114, 111, 109, 34, 58, 110, 117, 108, 108, 44, 34, 102, 111, 114, 107, 95, 111, 102, 102, 115, 101, 116, 95, 114, 97, 119, 34, 58, 110, 117, 108, 108, 44, 34, 102, 111, 114, 107, 95, 115, 117, 98, 95, 111, 102, 102, 115, 101, 116, 34, 58, 110, 117, 108, 108, 44, 34, 98, 97, 115, 101, 95, 111, 102, 102, 115, 101, 116, 34, 58, 48, 44, 34, 99, 108, 111, 115, 101, 100, 34, 58, 102, 97, 108, 115, 101, 44, 34, 99, 108, 111, 115, 101, 100, 95, 98, 121, 34, 58, 110, 117, 108, 108, 44, 34, 112, 114, 111, 100, 117, 99, 101, 114, 115, 34, 58, 123, 125, 44, 34, 108, 97, 115, 116, 95, 115, 101, 113, 95, 104, 101, 97, 100, 101, 114, 34, 58, 110, 117, 108, 108, 44, 34, 108, 97, 115, 116, 95, 97, 99, 99, 101, 115, 115, 95, 117, 110, 105, 120, 34, 58, 49, 44, 34, 108, 97, 115, 116, 95, 97, 99, 99, 101, 115, 115, 95, 109, 105, 108, 108, 105, 115, 34, 58, 49, 48, 57, 48, 44, 34, 101, 120, 112, 105, 114, 101, 115, 95, 97, 116, 95, 109, 105, 108, 108, 105, 115, 34, 58, 110, 117, 108, 108, 44, 34, 114, 101, 102, 95, 99, 111, 117, 110, 116, 34, 58, 48, 44, 34, 115, 111, 102, 116, 95, 100, 101, 108, 101, 116, 101, 100, 34, 58, 102, 97, 108, 115, 101, 44, 34, 115, 101, 103, 109, 101, 110, 116, 115, 34, 58, 91, 93, 44, 34, 115, 101, 97, 108, 101, 100, 95, 111, 102, 102, 115, 101, 116, 34, 58, 48, 44, 34, 102, 105, 108, 101, 95, 98, 97, 115, 101, 34, 58, 48, 44, 34, 112, 101, 110, 100, 105, 110, 103, 95, 99, 111, 109, 112, 97, 99, 116, 105, 111, 110, 34, 58, 110, 117, 108, 108, 44, 34, 100, 117, 114, 97, 98, 108, 101, 95, 116, 97, 105, 108, 34, 58, 48, 125]

thread 'replication::journal::tests::snapshot_captures_fresh_metadata_without_rewriting_disposable_sidecars' (3551781) panicked at src/replication/journal.rs:1064:17:
assertion `left == right` failed: archive creation must not rewrite disposable sidecars
  left: [123, 34, 105, 100, 34, 58, 48, 44, 34, 112, 97, 116, 104, 34, 58, 34, 47, 102, 114, 101, 115, 104, 34, 44, 34, 99, 111, 110, 116, 101, 110, 116, 95, 116, 121, 112, 101, 34, 58, 34, 97, 112, 112, 108, 105, 99, 97, 116, 105, 111, 110, 47, 111, 99, 116, 101, 116, 45, 115, 116, 114, 101, 97, 109, 34, 44, 34, 116, 116, 108, 95, 115, 101, 99, 111, 110, 100, 115, 34, 58, 49, 44, 34, 101, 120, 112, 105, 114, 101, 115, 95, 97, 116, 95, 117, 110, 105, 120, 34, 58, 110, 117, 108, 108, 44, 34, 101, 120, 112, 105, 114, 101, 115, 95, 97, 116, 95, 114, 97, 119, 34, 58, 110, 117, 108, 108, 44, 34, 99, 114, 101, 97, 116, 101, 95, 99, 108, 111, 115, 101, 100, 34, 58, 102, 97, 108, 115, 101, 44, 34, 102, 111, 114, 107, 101, 100, 95, 102, 114, 111, 109, 34, 58, 110, 117, 108, 108, 44, 34, 102, 111, 114, 107, 95, 111, 102, 102, 115, 101, 116, 95, 114, 97, 119, 34, 58, 110, 117, 108, 108, 44, 34, 102, 111, 114, 107, 95, 115, 117, 98, 95, 111, 102, 102, 115, 101, 116, 34, 58, 110, 117, 108, 108, 44, 34, 98, 97, 115, 101, 95, 111, 102, 102, 115, 101, 116, 34, 58, 48, 44, 34, 99, 108, 111, 115, 101, 100, 34, 58, 102, 97, 108, 115, 101, 44, 34, 99, 108, 111, 115, 101, 100, 95, 98, 121, 34, 58, 110, 117, 108, 108, 44, 34, 112, 114, 111, 100, 117, 99, 101, 114, 115, 34, 58, 123, 34, 115, 110, 97, 112, 115, 104, 111, 116, 45, 112, 34, 58, 123, 34, 101, 112, 111, 99, 104, 34, 58, 55, 44, 34, 108, 97, 115, 116, 95, 115, 101, 113, 34, 58, 49, 125, 125, 44, 34, 108, 97, 115, 116, 95, 115, 101, 113, 95, 104, 101, 97, 100, 101, 114, 34, 58, 110, 117, 108, 108, 44, 34, 108, 97, 115, 116, 95, 97, 99, 99, 101, 115, 115, 95, 117, 110, 105, 120, 34, 58, 49, 44, 34, 108, 97, 115, 116, 95, 97, 99, 99, 101, 115, 115, 95, 109, 105, 108, 108, 105, 115, 34, 58, 49, 49, 49, 48, 44, 34, 101, 120, 112, 105, 114, 101, 115, 95, 97, 116, 95, 109, 105, 108, 108, 105, 115, 34, 58, 110, 117, 108, 108, 44, 34, 114, 101, 102, 95, 99, 111, 117, 110, 116, 34, 58, 48, 44, 34, 115, 111, 102, 116, 95, 100, 101, 108, 101, 116, 101, 100, 34, 58, 102, 97, 108, 115, 101, 44, 34, 115, 101, 103, 109, 101, 110, 116, 115, 34, 58, 91, 93, 44, 34, 115, 101, 97, 108, 101, 100, 95, 111, 102, 102, 115, 101, 116, 34, 58, 48, 44, 34, 102, 105, 108, 101, 95, 98, 97, 115, 101, 34, 58, 48, 44, 34, 112, 101, 110, 100, 105, 110, 103, 95, 99, 111, 109, 112, 97, 99, 116, 105, 111, 110, 34, 58, 110, 117, 108, 108, 44, 34, 100, 117, 114, 97, 98, 108, 101, 95, 116, 97, 105, 108, 34, 58, 52, 125]
 right: [123, 34, 105, 100, 34, 58, 48, 44, 34, 112, 97, 116, 104, 34, 58, 34, 47, 102, 114, 101, 115, 104, 34, 44, 34, 99, 111, 110, 116, 101, 110, 116, 95, 116, 121, 112, 101, 34, 58, 34, 97, 112, 112, 108, 105, 99, 97, 116, 105, 111, 110, 47, 111, 99, 116, 101, 116, 45, 115, 116, 114, 101, 97, 109, 34, 44, 34, 116, 116, 108, 95, 115, 101, 99, 111, 110, 100, 115, 34, 58, 49, 44, 34, 101, 120, 112, 105, 114, 101, 115, 95, 97, 116, 95, 117, 110, 105, 120, 34, 58, 110, 117, 108, 108, 44, 34, 101, 120, 112, 105, 114, 101, 115, 95, 97, 116, 95, 114, 97, 119, 34, 58, 110, 117, 108, 108, 44, 34, 99, 114, 101, 97, 116, 101, 95, 99, 108, 111, 115, 101, 100, 34, 58, 102, 97, 108, 115, 101, 44, 34, 102, 111, 114, 107, 101, 100, 95, 102, 114, 111, 109, 34, 58, 110, 117, 108, 108, 44, 34, 102, 111, 114, 107, 95, 111, 102, 102, 115, 101, 116, 95, 114, 97, 119, 34, 58, 110, 117, 108, 108, 44, 34, 102, 111, 114, 107, 95, 115, 117, 98, 95, 111, 102, 102, 115, 101, 116, 34, 58, 110, 117, 108, 108, 44, 34, 98, 97, 115, 101, 95, 111, 102, 102, 115, 101, 116, 34, 58, 48, 44, 34, 99, 108, 111, 115, 101, 100, 34, 58, 102, 97, 108, 115, 101, 44, 34, 99, 108, 111, 115, 101, 100, 95, 98, 121, 34, 58, 110, 117, 108, 108, 44, 34, 112, 114, 111, 100, 117, 99, 101, 114, 115, 34, 58, 123, 125, 44, 34, 108, 97, 115, 116, 95, 115, 101, 113, 95, 104, 101, 97, 100, 101, 114, 34, 58, 110, 117, 108, 108, 44, 34, 108, 97, 115, 116, 95, 97, 99, 99, 101, 115, 115, 95, 117, 110, 105, 120, 34, 58, 49, 44, 34, 108, 97, 115, 116, 95, 97, 99, 99, 101, 115, 115, 95, 109, 105, 108, 108, 105, 115, 34, 58, 49, 48, 57, 48, 44, 34, 101, 120, 112, 105, 114, 101, 115, 95, 97, 116, 95, 109, 105, 108, 108, 105, 115, 34, 58, 110, 117, 108, 108, 44, 34, 114, 101, 102, 95, 99, 111, 117, 110, 116, 34, 58, 48, 44, 34, 115, 111, 102, 116, 95, 100, 101, 108, 101, 116, 101, 100, 34, 58, 102, 97, 108, 115, 101, 44, 34, 115, 101, 103, 109, 101, 110, 116, 115, 34, 58, 91, 93, 44, 34, 115, 101, 97, 108, 101, 100, 95, 111, 102, 102, 115, 101, 116, 34, 58, 48, 44, 34, 102, 105, 108, 101, 95, 98, 97, 115, 101, 34, 58, 48, 44, 34, 112, 101, 110, 100, 105, 110, 103, 95, 99, 111, 109, 112, 97, 99, 116, 105, 111, 110, 34, 58, 110, 117, 108, 108, 44, 34, 100, 117, 114, 97, 98, 108, 101, 95, 116, 97, 105, 108, 34, 58, 48, 125]

thread 'replication::journal::tests::snapshot_captures_fresh_metadata_without_rewriting_disposable_sidecars' (3551781) panicked at src/replication/journal.rs:1064:17:
assertion `left == right` failed: archive creation must not rewrite disposable sidecars
  left: [123, 34, 105, 100, 34, 58, 48, 44, 34, 112, 97, 116, 104, 34, 58, 34, 47, 102, 114, 101, 115, 104, 34, 44, 34, 99, 111, 110, 116, 101, 110, 116, 95, 116, 121, 112, 101, 34, 58, 34, 97, 112, 112, 108, 105, 99, 97, 116, 105, 111, 110, 47, 111, 99, 116, 101, 116, 45, 115, 116, 114, 101, 97, 109, 34, 44, 34, 116, 116, 108, 95, 115, 101, 99, 111, 110, 100, 115, 34, 58, 49, 44, 34, 101, 120, 112, 105, 114, 101, 115, 95, 97, 116, 95, 117, 110, 105, 120, 34, 58, 110, 117, 108, 108, 44, 34, 101, 120, 112, 105, 114, 101, 115, 95, 97, 116, 95, 114, 97, 119, 34, 58, 110, 117, 108, 108, 44, 34, 99, 114, 101, 97, 116, 101, 95, 99, 108, 111, 115, 101, 100, 34, 58, 102, 97, 108, 115, 101, 44, 34, 102, 111, 114, 107, 101, 100, 95, 102, 114, 111, 109, 34, 58, 110, 117, 108, 108, 44, 34, 102, 111, 114, 107, 95, 111, 102, 102, 115, 101, 116, 95, 114, 97, 119, 34, 58, 110, 117, 108, 108, 44, 34, 102, 111, 114, 107, 95, 115, 117, 98, 95, 111, 102, 102, 115, 101, 116, 34, 58, 110, 117, 108, 108, 44, 34, 98, 97, 115, 101, 95, 111, 102, 102, 115, 101, 116, 34, 58, 48, 44, 34, 99, 108, 111, 115, 101, 100, 34, 58, 102, 97, 108, 115, 101, 44, 34, 99, 108, 111, 115, 101, 100, 95, 98, 121, 34, 58, 110, 117, 108, 108, 44, 34, 112, 114, 111, 100, 117, 99, 101, 114, 115, 34, 58, 123, 34, 115, 110, 97, 112, 115, 104, 111, 116, 45, 112, 34, 58, 123, 34, 101, 112, 111, 99, 104, 34, 58, 55, 44, 34, 108, 97, 115, 116, 95, 115, 101, 113, 34, 58, 49, 125, 125, 44, 34, 108, 97, 115, 116, 95, 115, 101, 113, 95, 104, 101, 97, 100, 101, 114, 34, 58, 110, 117, 108, 108, 44, 34, 108, 97, 115, 116, 95, 97, 99, 99, 101, 115, 115, 95, 117, 110, 105, 120, 34, 58, 49, 44, 34, 108, 97, 115, 116, 95, 97, 99, 99, 101, 115, 115, 95, 109, 105, 108, 108, 105, 115, 34, 58, 49, 49, 49, 48, 44, 34, 101, 120, 112, 105, 114, 101, 115, 95, 97, 116, 95, 109, 105, 108, 108, 105, 115, 34, 58, 110, 117, 108, 108, 44, 34, 114, 101, 102, 95, 99, 111, 117, 110, 116, 34, 58, 48, 44, 34, 115, 111, 102, 116, 95, 100, 101, 108, 101, 116, 101, 100, 34, 58, 102, 97, 108, 115, 101, 44, 34, 115, 101, 103, 109, 101, 110, 116, 115, 34, 58, 91, 93, 44, 34, 115, 101, 97, 108, 101, 100, 95, 111, 102, 102, 115, 101, 116, 34, 58, 48, 44, 34, 102, 105, 108, 101, 95, 98, 97, 115, 101, 34, 58, 48, 44, 34, 112, 101, 110, 100, 105, 110, 103, 95, 99, 111, 109, 112, 97, 99, 116, 105, 111, 110, 34, 58, 110, 117, 108, 108, 44, 34, 100, 117, 114, 97, 98, 108, 101, 95, 116, 97, 105, 108, 34, 58, 52, 125]
 right: [123, 34, 105, 100, 34, 58, 48, 44, 34, 112, 97, 116, 104, 34, 58, 34, 47, 102, 114, 101, 115, 104, 34, 44, 34, 99, 111, 110, 116, 101, 110, 116, 95, 116, 121, 112, 101, 34, 58, 34, 97, 112, 112, 108, 105, 99, 97, 116, 105, 111, 110, 47, 111, 99, 116, 101, 116, 45, 115, 116, 114, 101, 97, 109, 34, 44, 34, 116, 116, 108, 95, 115, 101, 99, 111, 110, 100, 115, 34, 58, 49, 44, 34, 101, 120, 112, 105, 114, 101, 115, 95, 97, 116, 95, 117, 110, 105, 120, 34, 58, 110, 117, 108, 108, 44, 34, 101, 120, 112, 105, 114, 101, 115, 95, 97, 116, 95, 114, 97, 119, 34, 58, 110, 117, 108, 108, 44, 34, 99, 114, 101, 97, 116, 101, 95, 99, 108, 111, 115, 101, 100, 34, 58, 102, 97, 108, 115, 101, 44, 34, 102, 111, 114, 107, 101, 100, 95, 102, 114, 111, 109, 34, 58, 110, 117, 108, 108, 44, 34, 102, 111, 114, 107, 95, 111, 102, 102, 115, 101, 116, 95, 114, 97, 119, 34, 58, 110, 117, 108, 108, 44, 34, 102, 111, 114, 107, 95, 115, 117, 98, 95, 111, 102, 102, 115, 101, 116, 34, 58, 110, 117, 108, 108, 44, 34, 98, 97, 115, 101, 95, 111, 102, 102, 115, 101, 116, 34, 58, 48, 44, 34, 99, 108, 111, 115, 101, 100, 34, 58, 102, 97, 108, 115, 101, 44, 34, 99, 108, 111, 115, 101, 100, 95, 98, 121, 34, 58, 110, 117, 108, 108, 44, 34, 112, 114, 111, 100, 117, 99, 101, 114, 115, 34, 58, 123, 125, 44, 34, 108, 97, 115, 116, 95, 115, 101, 113, 95, 104, 101, 97, 100, 101, 114, 34, 58, 110, 117, 108, 108, 44, 34, 108, 97, 115, 116, 95, 97, 99, 99, 101, 115, 115, 95, 117, 110, 105, 120, 34, 58, 49, 44, 34, 108, 97, 115, 116, 95, 97, 99, 99, 101, 115, 115, 95, 109, 105, 108, 108, 105, 115, 34, 58, 49, 48, 57, 48, 44, 34, 101, 120, 112, 105, 114, 101, 115, 95, 97, 116, 95, 109, 105, 108, 108, 105, 115, 34, 58, 110, 117, 108, 108, 44, 34, 114, 101, 102, 95, 99, 111, 117, 110, 116, 34, 58, 48, 44, 34, 115, 111, 102, 116, 95, 100, 101, 108, 101, 116, 101, 100, 34, 58, 102, 97, 108, 115, 101, 44, 34, 115, 101, 103, 109, 101, 110, 116, 115, 34, 58, 91, 93, 44, 34, 115, 101, 97, 108, 101, 100, 95, 111, 102, 102, 115, 101, 116, 34, 58, 48, 44, 34, 102, 105, 108, 101, 95, 98, 97, 115, 101, 34, 58, 48, 44, 34, 112, 101, 110, 100, 105, 110, 103, 95, 99, 111, 109, 112, 97, 99, 116, 105, 111, 110, 34, 58, 110, 117, 108, 108, 44, 34, 100, 117, 114, 97, 98, 108, 101, 95, 116, 97, 105, 108, 34, 58, 48, 125]

thread 'replication::journal::tests::snapshot_captures_fresh_metadata_without_rewriting_disposable_sidecars' (3551781) panicked at src/replication/journal.rs:1064:17:
assertion `left == right` failed: archive creation must not rewrite disposable sidecars
  left: [123, 34, 105, 100, 34, 58, 48, 44, 34, 112, 97, 116, 104, 34, 58, 34, 47, 102, 114, 101, 115, 104, 34, 44, 34, 99, 111, 110, 116, 101, 110, 116, 95, 116, 121, 112, 101, 34, 58, 34, 97, 112, 112, 108, 105, 99, 97, 116, 105, 111, 110, 47, 111, 99, 116, 101, 116, 45, 115, 116, 114, 101, 97, 109, 34, 44, 34, 116, 116, 108, 95, 115, 101, 99, 111, 110, 100, 115, 34, 58, 49, 44, 34, 101, 120, 112, 105, 114, 101, 115, 95, 97, 116, 95, 117, 110, 105, 120, 34, 58, 110, 117, 108, 108, 44, 34, 101, 120, 112, 105, 114, 101, 115, 95, 97, 116, 95, 114, 97, 119, 34, 58, 110, 117, 108, 108, 44, 34, 99, 114, 101, 97, 116, 101, 95, 99, 108, 111, 115, 101, 100, 34, 58, 102, 97, 108, 115, 101, 44, 34, 102, 111, 114, 107, 101, 100, 95, 102, 114, 111, 109, 34, 58, 110, 117, 108, 108, 44, 34, 102, 111, 114, 107, 95, 111, 102, 102, 115, 101, 116, 95, 114, 97, 119, 34, 58, 110, 117, 108, 108, 44, 34, 102, 111, 114, 107, 95, 115, 117, 98, 95, 111, 102, 102, 115, 101, 116, 34, 58, 110, 117, 108, 108, 44, 34, 98, 97, 115, 101, 95, 111, 102, 102, 115, 101, 116, 34, 58, 48, 44, 34, 99, 108, 111, 115, 101, 100, 34, 58, 102, 97, 108, 115, 101, 44, 34, 99, 108, 111, 115, 101, 100, 95, 98, 121, 34, 58, 110, 117, 108, 108, 44, 34, 112, 114, 111, 100, 117, 99, 101, 114, 115, 34, 58, 123, 34, 115, 110, 97, 112, 115, 104, 111, 116, 45, 112, 34, 58, 123, 34, 101, 112, 111, 99, 104, 34, 58, 55, 44, 34, 108, 97, 115, 116, 95, 115, 101, 113, 34, 58, 49, 125, 125, 44, 34, 108, 97, 115, 116, 95, 115, 101, 113, 95, 104, 101, 97, 100, 101, 114, 34, 58, 110, 117, 108, 108, 44, 34, 108, 97, 115, 116, 95, 97, 99, 99, 101, 115, 115, 95, 117, 110, 105, 120, 34, 58, 49, 44, 34, 108, 97, 115, 116, 95, 97, 99, 99, 101, 115, 115, 95, 109, 105, 108, 108, 105, 115, 34, 58, 49, 49, 49, 48, 44, 34, 101, 120, 112, 105, 114, 101, 115, 95, 97, 116, 95, 109, 105, 108, 108, 105, 115, 34, 58, 110, 117, 108, 108, 44, 34, 114, 101, 102, 95, 99, 111, 117, 110, 116, 34, 58, 48, 44, 34, 115, 111, 102, 116, 95, 100, 101, 108, 101, 116, 101, 100, 34, 58, 102, 97, 108, 115, 101, 44, 34, 115, 101, 103, 109, 101, 110, 116, 115, 34, 58, 91, 93, 44, 34, 115, 101, 97, 108, 101, 100, 95, 111, 102, 102, 115, 101, 116, 34, 58, 48, 44, 34, 102, 105, 108, 101, 95, 98, 97, 115, 101, 34, 58, 48, 44, 34, 112, 101, 110, 100, 105, 110, 103, 95, 99, 111, 109, 112, 97, 99, 116, 105, 111, 110, 34, 58, 110, 117, 108, 108, 44, 34, 100, 117, 114, 97, 98, 108, 101, 95, 116, 97, 105, 108, 34, 58, 52, 125]
 right: [123, 34, 105, 100, 34, 58, 48, 44, 34, 112, 97, 116, 104, 34, 58, 34, 47, 102, 114, 101, 115, 104, 34, 44, 34, 99, 111, 110, 116, 101, 110, 116, 95, 116, 121, 112, 101, 34, 58, 34, 97, 112, 112, 108, 105, 99, 97, 116, 105, 111, 110, 47, 111, 99, 116, 101, 116, 45, 115, 116, 114, 101, 97, 109, 34, 44, 34, 116, 116, 108, 95, 115, 101, 99, 111, 110, 100, 115, 34, 58, 49, 44, 34, 101, 120, 112, 105, 114, 101, 115, 95, 97, 116, 95, 117, 110, 105, 120, 34, 58, 110, 117, 108, 108, 44, 34, 101, 120, 112, 105, 114, 101, 115, 95, 97, 116, 95, 114, 97, 119, 34, 58, 110, 117, 108, 108, 44, 34, 99, 114, 101, 97, 116, 101, 95, 99, 108, 111, 115, 101, 100, 34, 58, 102, 97, 108, 115, 101, 44, 34, 102, 111, 114, 107, 101, 100, 95, 102, 114, 111, 109, 34, 58, 110, 117, 108, 108, 44, 34, 102, 111, 114, 107, 95, 111, 102, 102, 115, 101, 116, 95, 114, 97, 119, 34, 58, 110, 117, 108, 108, 44, 34, 102, 111, 114, 107, 95, 115, 117, 98, 95, 111, 102, 102, 115, 101, 116, 34, 58, 110, 117, 108, 108, 44, 34, 98, 97, 115, 101, 95, 111, 102, 102, 115, 101, 116, 34, 58, 48, 44, 34, 99, 108, 111, 115, 101, 100, 34, 58, 102, 97, 108, 115, 101, 44, 34, 99, 108, 111, 115, 101, 100, 95, 98, 121, 34, 58, 110, 117, 108, 108, 44, 34, 112, 114, 111, 100, 117, 99, 101, 114, 115, 34, 58, 123, 125, 44, 34, 108, 97, 115, 116, 95, 115, 101, 113, 95, 104, 101, 97, 100, 101, 114, 34, 58, 110, 117, 108, 108, 44, 34, 108, 97, 115, 116, 95, 97, 99, 99, 101, 115, 115, 95, 117, 110, 105, 120, 34, 58, 49, 44, 34, 108, 97, 115, 116, 95, 97, 99, 99, 101, 115, 115, 95, 109, 105, 108, 108, 105, 115, 34, 58, 49, 48, 57, 48, 44, 34, 101, 120, 112, 105, 114, 101, 115, 95, 97, 116, 95, 109, 105, 108, 108, 105, 115, 34, 58, 110, 117, 108, 108, 44, 34, 114, 101, 102, 95, 99, 111, 117, 110, 116, 34, 58, 48, 44, 34, 115, 111, 102, 116, 95, 100, 101, 108, 101, 116, 101, 100, 34, 58, 102, 97, 108, 115, 101, 44, 34, 115, 101, 103, 109, 101, 110, 116, 115, 34, 58, 91, 93, 44, 34, 115, 101, 97, 108, 101, 100, 95, 111, 102, 102, 115, 101, 116, 34, 58, 48, 44, 34, 102, 105, 108, 101, 95, 98, 97, 115, 101, 34, 58, 48, 44, 34, 112, 101, 110, 100, 105, 110, 103, 95, 99, 111, 109, 112, 97, 99, 116, 105, 111, 110, 34, 58, 110, 117, 108, 108, 44, 34, 100, 117, 114, 97, 98, 108, 101, 95, 116, 97, 105, 108, 34, 58, 48, 125]

thread 'replication::journal::tests::snapshot_captures_fresh_metadata_without_rewriting_disposable_sidecars' (3551781) panicked at src/replication/journal.rs:1064:17:
assertion `left == right` failed: archive creation must not rewrite disposable sidecars
  left: [123, 34, 105, 100, 34, 58, 48, 44, 34, 112, 97, 116, 104, 34, 58, 34, 47, 102, 114, 101, 115, 104, 34, 44, 34, 99, 111, 110, 116, 101, 110, 116, 95, 116, 121, 112, 101, 34, 58, 34, 97, 112, 112, 108, 105, 99, 97, 116, 105, 111, 110, 47, 111, 99, 116, 101, 116, 45, 115, 116, 114, 101, 97, 109, 34, 44, 34, 116, 116, 108, 95, 115, 101, 99, 111, 110, 100, 115, 34, 58, 49, 44, 34, 101, 120, 112, 105, 114, 101, 115, 95, 97, 116, 95, 117, 110, 105, 120, 34, 58, 110, 117, 108, 108, 44, 34, 101, 120, 112, 105, 114, 101, 115, 95, 97, 116, 95, 114, 97, 119, 34, 58, 110, 117, 108, 108, 44, 34, 99, 114, 101, 97, 116, 101, 95, 99, 108, 111, 115, 101, 100, 34, 58, 102, 97, 108, 115, 101, 44, 34, 102, 111, 114, 107, 101, 100, 95, 102, 114, 111, 109, 34, 58, 110, 117, 108, 108, 44, 34, 102, 111, 114, 107, 95, 111, 102, 102, 115, 101, 116, 95, 114, 97, 119, 34, 58, 110, 117, 108, 108, 44, 34, 102, 111, 114, 107, 95, 115, 117, 98, 95, 111, 102, 102, 115, 101, 116, 34, 58, 110, 117, 108, 108, 44, 34, 98, 97, 115, 101, 95, 111, 102, 102, 115, 101, 116, 34, 58, 48, 44, 34, 99, 108, 111, 115, 101, 100, 34, 58, 102, 97, 108, 115, 101, 44, 34, 99, 108, 111, 115, 101, 100, 95, 98, 121, 34, 58, 110, 117, 108, 108, 44, 34, 112, 114, 111, 100, 117, 99, 101, 114, 115, 34, 58, 123, 34, 115, 110, 97, 112, 115, 104, 111, 116, 45, 112, 34, 58, 123, 34, 101, 112, 111, 99, 104, 34, 58, 55, 44, 34, 108, 97, 115, 116, 95, 115, 101, 113, 34, 58, 49, 125, 125, 44, 34, 108, 97, 115, 116, 95, 115, 101, 113, 95, 104, 101, 97, 100, 101, 114, 34, 58, 110, 117, 108, 108, 44, 34, 108, 97, 115, 116, 95, 97, 99, 99, 101, 115, 115, 95, 117, 110, 105, 120, 34, 58, 49, 44, 34, 108, 97, 115, 116, 95, 97, 99, 99, 101, 115, 115, 95, 109, 105, 108, 108, 105, 115, 34, 58, 49, 49, 49, 48, 44, 34, 101, 120, 112, 105, 114, 101, 115, 95, 97, 116, 95, 109, 105, 108, 108, 105, 115, 34, 58, 110, 117, 108, 108, 44, 34, 114, 101, 102, 95, 99, 111, 117, 110, 116, 34, 58, 48, 44, 34, 115, 111, 102, 116, 95, 100, 101, 108, 101, 116, 101, 100, 34, 58, 102, 97, 108, 115, 101, 44, 34, 115, 101, 103, 109, 101, 110, 116, 115, 34, 58, 91, 93, 44, 34, 115, 101, 97, 108, 101, 100, 95, 111, 102, 102, 115, 101, 116, 34, 58, 48, 44, 34, 102, 105, 108, 101, 95, 98, 97, 115, 101, 34, 58, 48, 44, 34, 112, 101, 110, 100, 105, 110, 103, 95, 99, 111, 109, 112, 97, 99, 116, 105, 111, 110, 34, 58, 110, 117, 108, 108, 44, 34, 100, 117, 114, 97, 98, 108, 101, 95, 116, 97, 105, 108, 34, 58, 52, 125]
 right: [123, 34, 105, 100, 34, 58, 48, 44, 34, 112, 97, 116, 104, 34, 58, 34, 47, 102, 114, 101, 115, 104, 34, 44, 34, 99, 111, 110, 116, 101, 110, 116, 95, 116, 121, 112, 101, 34, 58, 34, 97, 112, 112, 108, 105, 99, 97, 116, 105, 111, 110, 47, 111, 99, 116, 101, 116, 45, 115, 116, 114, 101, 97, 109, 34, 44, 34, 116, 116, 108, 95, 115, 101, 99, 111, 110, 100, 115, 34, 58, 49, 44, 34, 101, 120, 112, 105, 114, 101, 115, 95, 97, 116, 95, 117, 110, 105, 120, 34, 58, 110, 117, 108, 108, 44, 34, 101, 120, 112, 105, 114, 101, 115, 95, 97, 116, 95, 114, 97, 119, 34, 58, 110, 117, 108, 108, 44, 34, 99, 114, 101, 97, 116, 101, 95, 99, 108, 111, 115, 101, 100, 34, 58, 102, 97, 108, 115, 101, 44, 34, 102, 111, 114, 107, 101, 100, 95, 102, 114, 111, 109, 34, 58, 110, 117, 108, 108, 44, 34, 102, 111, 114, 107, 95, 111, 102, 102, 115, 101, 116, 95, 114, 97, 119, 34, 58, 110, 117, 108, 108, 44, 34, 102, 111, 114, 107, 95, 115, 117, 98, 95, 111, 102, 102, 115, 101, 116, 34, 58, 110, 117, 108, 108, 44, 34, 98, 97, 115, 101, 95, 111, 102, 102, 115, 101, 116, 34, 58, 48, 44, 34, 99, 108, 111, 115, 101, 100, 34, 58, 102, 97, 108, 115, 101, 44, 34, 99, 108, 111, 115, 101, 100, 95, 98, 121, 34, 58, 110, 117, 108, 108, 44, 34, 112, 114, 111, 100, 117, 99, 101, 114, 115, 34, 58, 123, 125, 44, 34, 108, 97, 115, 116, 95, 115, 101, 113, 95, 104, 101, 97, 100, 101, 114, 34, 58, 110, 117, 108, 108, 44, 34, 108, 97, 115, 116, 95, 97, 99, 99, 101, 115, 115, 95, 117, 110, 105, 120, 34, 58, 49, 44, 34, 108, 97, 115, 116, 95, 97, 99, 99, 101, 115, 115, 95, 109, 105, 108, 108, 105, 115, 34, 58, 49, 48, 57, 48, 44, 34, 101, 120, 112, 105, 114, 101, 115, 95, 97, 116, 95, 109, 105, 108, 108, 105, 115, 34, 58, 110, 117, 108, 108, 44, 34, 114, 101, 102, 95, 99, 111, 117, 110, 116, 34, 58, 48, 44, 34, 115, 111, 102, 116, 95, 100, 101, 108, 101, 116, 101, 100, 34, 58, 102, 97, 108, 115, 101, 44, 34, 115, 101, 103, 109, 101, 110, 116, 115, 34, 58, 91, 93, 44, 34, 115, 101, 97, 108, 101, 100, 95, 111, 102, 102, 115, 101, 116, 34, 58, 48, 44, 34, 102, 105, 108, 101, 95, 98, 97, 115, 101, 34, 58, 48, 44, 34, 112, 101, 110, 100, 105, 110, 103, 95, 99, 111, 109, 112, 97, 99, 116, 105, 111, 110, 34, 58, 110, 117, 108, 108, 44, 34, 100, 117, 114, 97, 98, 108, 101, 95, 116, 97, 105, 108, 34, 58, 48, 125]

thread 'replication::journal::tests::snapshot_captures_fresh_metadata_without_rewriting_disposable_sidecars' (3551781) panicked at src/replication/journal.rs:1064:17:
assertion `left == right` failed: archive creation must not rewrite disposable sidecars
  left: [123, 34, 105, 100, 34, 58, 48, 44, 34, 112, 97, 116, 104, 34, 58, 34, 47, 102, 114, 101, 115, 104, 34, 44, 34, 99, 111, 110, 116, 101, 110, 116, 95, 116, 121, 112, 101, 34, 58, 34, 97, 112, 112, 108, 105, 99, 97, 116, 105, 111, 110, 47, 111, 99, 116, 101, 116, 45, 115, 116, 114, 101, 97, 109, 34, 44, 34, 116, 116, 108, 95, 115, 101, 99, 111, 110, 100, 115, 34, 58, 49, 44, 34, 101, 120, 112, 105, 114, 101, 115, 95, 97, 116, 95, 117, 110, 105, 120, 34, 58, 110, 117, 108, 108, 44, 34, 101, 120, 112, 105, 114, 101, 115, 95, 97, 116, 95, 114, 97, 119, 34, 58, 110, 117, 108, 108, 44, 34, 99, 114, 101, 97, 116, 101, 95, 99, 108, 111, 115, 101, 100, 34, 58, 102, 97, 108, 115, 101, 44, 34, 102, 111, 114, 107, 101, 100, 95, 102, 114, 111, 109, 34, 58, 110, 117, 108, 108, 44, 34, 102, 111, 114, 107, 95, 111, 102, 102, 115, 101, 116, 95, 114, 97, 119, 34, 58, 110, 117, 108, 108, 44, 34, 102, 111, 114, 107, 95, 115, 117, 98, 95, 111, 102, 102, 115, 101, 116, 34, 58, 110, 117, 108, 108, 44, 34, 98, 97, 115, 101, 95, 111, 102, 102, 115, 101, 116, 34, 58, 48, 44, 34, 99, 108, 111, 115, 101, 100, 34, 58, 102, 97, 108, 115, 101, 44, 34, 99, 108, 111, 115, 101, 100, 95, 98, 121, 34, 58, 110, 117, 108, 108, 44, 34, 112, 114, 111, 100, 117, 99, 101, 114, 115, 34, 58, 123, 34, 115, 110, 97, 112, 115, 104, 111, 116, 45, 112, 34, 58, 123, 34, 101, 112, 111, 99, 104, 34, 58, 55, 44, 34, 108, 97, 115, 116, 95, 115, 101, 113, 34, 58, 49, 125, 125, 44, 34, 108, 97, 115, 116, 95, 115, 101, 113, 95, 104, 101, 97, 100, 101, 114, 34, 58, 110, 117, 108, 108, 44, 34, 108, 97, 115, 116, 95, 97, 99, 99, 101, 115, 115, 95, 117, 110, 105, 120, 34, 58, 49, 44, 34, 108, 97, 115, 116, 95, 97, 99, 99, 101, 115, 115, 95, 109, 105, 108, 108, 105, 115, 34, 58, 49, 49, 49, 48, 44, 34, 101, 120, 112, 105, 114, 101, 115, 95, 97, 116, 95, 109, 105, 108, 108, 105, 115, 34, 58, 110, 117, 108, 108, 44, 34, 114, 101, 102, 95, 99, 111, 117, 110, 116, 34, 58, 48, 44, 34, 115, 111, 102, 116, 95, 100, 101, 108, 101, 116, 101, 100, 34, 58, 102, 97, 108, 115, 101, 44, 34, 115, 101, 103, 109, 101, 110, 116, 115, 34, 58, 91, 93, 44, 34, 115, 101, 97, 108, 101, 100, 95, 111, 102, 102, 115, 101, 116, 34, 58, 48, 44, 34, 102, 105, 108, 101, 95, 98, 97, 115, 101, 34, 58, 48, 44, 34, 112, 101, 110, 100, 105, 110, 103, 95, 99, 111, 109, 112, 97, 99, 116, 105, 111, 110, 34, 58, 110, 117, 108, 108, 44, 34, 100, 117, 114, 97, 98, 108, 101, 95, 116, 97, 105, 108, 34, 58, 52, 125]
 right: [123, 34, 105, 100, 34, 58, 48, 44, 34, 112, 97, 116, 104, 34, 58, 34, 47, 102, 114, 101, 115, 104, 34, 44, 34, 99, 111, 110, 116, 101, 110, 116, 95, 116, 121, 112, 101, 34, 58, 34, 97, 112, 112, 108, 105, 99, 97, 116, 105, 111, 110, 47, 111, 99, 116, 101, 116, 45, 115, 116, 114, 101, 97, 109, 34, 44, 34, 116, 116, 108, 95, 115, 101, 99, 111, 110, 100, 115, 34, 58, 49, 44, 34, 101, 120, 112, 105, 114, 101, 115, 95, 97, 116, 95, 117, 110, 105, 120, 34, 58, 110, 117, 108, 108, 44, 34, 101, 120, 112, 105, 114, 101, 115, 95, 97, 116, 95, 114, 97, 119, 34, 58, 110, 117, 108, 108, 44, 34, 99, 114, 101, 97, 116, 101, 95, 99, 108, 111, 115, 101, 100, 34, 58, 102, 97, 108, 115, 101, 44, 34, 102, 111, 114, 107, 101, 100, 95, 102, 114, 111, 109, 34, 58, 110, 117, 108, 108, 44, 34, 102, 111, 114, 107, 95, 111, 102, 102, 115, 101, 116, 95, 114, 97, 119, 34, 58, 110, 117, 108, 108, 44, 34, 102, 111, 114, 107, 95, 115, 117, 98, 95, 111, 102, 102, 115, 101, 116, 34, 58, 110, 117, 108, 108, 44, 34, 98, 97, 115, 101, 95, 111, 102, 102, 115, 101, 116, 34, 58, 48, 44, 34, 99, 108, 111, 115, 101, 100, 34, 58, 102, 97, 108, 115, 101, 44, 34, 99, 108, 111, 115, 101, 100, 95, 98, 121, 34, 58, 110, 117, 108, 108, 44, 34, 112, 114, 111, 100, 117, 99, 101, 114, 115, 34, 58, 123, 125, 44, 34, 108, 97, 115, 116, 95, 115, 101, 113, 95, 104, 101, 97, 100, 101, 114, 34, 58, 110, 117, 108, 108, 44, 34, 108, 97, 115, 116, 95, 97, 99, 99, 101, 115, 115, 95, 117, 110, 105, 120, 34, 58, 49, 44, 34, 108, 97, 115, 116, 95, 97, 99, 99, 101, 115, 115, 95, 109, 105, 108, 108, 105, 115, 34, 58, 49, 48, 57, 48, 44, 34, 101, 120, 112, 105, 114, 101, 115, 95, 97, 116, 95, 109, 105, 108, 108, 105, 115, 34, 58, 110, 117, 108, 108, 44, 34, 114, 101, 102, 95, 99, 111, 117, 110, 116, 34, 58, 48, 44, 34, 115, 111, 102, 116, 95, 100, 101, 108, 101, 116, 101, 100, 34, 58, 102, 97, 108, 115, 101, 44, 34, 115, 101, 103, 109, 101, 110, 116, 115, 34, 58, 91, 93, 44, 34, 115, 101, 97, 108, 101, 100, 95, 111, 102, 102, 115, 101, 116, 34, 58, 48, 44, 34, 102, 105, 108, 101, 95, 98, 97, 115, 101, 34, 58, 48, 44, 34, 112, 101, 110, 100, 105, 110, 103, 95, 99, 111, 109, 112, 97, 99, 116, 105, 111, 110, 34, 58, 110, 117, 108, 108, 44, 34, 100, 117, 114, 97, 98, 108, 101, 95, 116, 97, 105, 108, 34, 58, 48, 125]

thread 'replication::journal::tests::snapshot_captures_fresh_metadata_without_rewriting_disposable_sidecars' (3551781) panicked at src/replication/journal.rs:1064:17:
assertion `left == right` failed: archive creation must not rewrite disposable sidecars
  left: [123, 34, 105, 100, 34, 58, 48, 44, 34, 112, 97, 116, 104, 34, 58, 34, 47, 102, 114, 101, 115, 104, 34, 44, 34, 99, 111, 110, 116, 101, 110, 116, 95, 116, 121, 112, 101, 34, 58, 34, 97, 112, 112, 108, 105, 99, 97, 116, 105, 111, 110, 47, 111, 99, 116, 101, 116, 45, 115, 116, 114, 101, 97, 109, 34, 44, 34, 116, 116, 108, 95, 115, 101, 99, 111, 110, 100, 115, 34, 58, 49, 44, 34, 101, 120, 112, 105, 114, 101, 115, 95, 97, 116, 95, 117, 110, 105, 120, 34, 58, 110, 117, 108, 108, 44, 34, 101, 120, 112, 105, 114, 101, 115, 95, 97, 116, 95, 114, 97, 119, 34, 58, 110, 117, 108, 108, 44, 34, 99, 114, 101, 97, 116, 101, 95, 99, 108, 111, 115, 101, 100, 34, 58, 102, 97, 108, 115, 101, 44, 34, 102, 111, 114, 107, 101, 100, 95, 102, 114, 111, 109, 34, 58, 110, 117, 108, 108, 44, 34, 102, 111, 114, 107, 95, 111, 102, 102, 115, 101, 116, 95, 114, 97, 119, 34, 58, 110, 117, 108, 108, 44, 34, 102, 111, 114, 107, 95, 115, 117, 98, 95, 111, 102, 102, 115, 101, 116, 34, 58, 110, 117, 108, 108, 44, 34, 98, 97, 115, 101, 95, 111, 102, 102, 115, 101, 116, 34, 58, 48, 44, 34, 99, 108, 111, 115, 101, 100, 34, 58, 102, 97, 108, 115, 101, 44, 34, 99, 108, 111, 115, 101, 100, 95, 98, 121, 34, 58, 110, 117, 108, 108, 44, 34, 112, 114, 111, 100, 117, 99, 101, 114, 115, 34, 58, 123, 34, 115, 110, 97, 112, 115, 104, 111, 116, 45, 112, 34, 58, 123, 34, 101, 112, 111, 99, 104, 34, 58, 55, 44, 34, 108, 97, 115, 116, 95, 115, 101, 113, 34, 58, 49, 125, 125, 44, 34, 108, 97, 115, 116, 95, 115, 101, 113, 95, 104, 101, 97, 100, 101, 114, 34, 58, 110, 117, 108, 108, 44, 34, 108, 97, 115, 116, 95, 97, 99, 99, 101, 115, 115, 95, 117, 110, 105, 120, 34, 58, 49, 44, 34, 108, 97, 115, 116, 95, 97, 99, 99, 101, 115, 115, 95, 109, 105, 108, 108, 105, 115, 34, 58, 49, 48, 54, 53, 44, 34, 101, 120, 112, 105, 114, 101, 115, 95, 97, 116, 95, 109, 105, 108, 108, 105, 115, 34, 58, 110, 117, 108, 108, 44, 34, 114, 101, 102, 95, 99, 111, 117, 110, 116, 34, 58, 48, 44, 34, 115, 111, 102, 116, 95, 100, 101, 108, 101, 116, 101, 100, 34, 58, 102, 97, 108, 115, 101, 44, 34, 115, 101, 103, 109, 101, 110, 116, 115, 34, 58, 91, 93, 44, 34, 115, 101, 97, 108, 101, 100, 95, 111, 102, 102, 115, 101, 116, 34, 58, 48, 44, 34, 102, 105, 108, 101, 95, 98, 97, 115, 101, 34, 58, 48, 44, 34, 112, 101, 110, 100, 105, 110, 103, 95, 99, 111, 109, 112, 97, 99, 116, 105, 111, 110, 34, 58, 110, 117, 108, 108, 44, 34, 100, 117, 114, 97, 98, 108, 101, 95, 116, 97, 105, 108, 34, 58, 52, 125]
 right: [123, 34, 105, 100, 34, 58, 48, 44, 34, 112, 97, 116, 104, 34, 58, 34, 47, 102, 114, 101, 115, 104, 34, 44, 34, 99, 111, 110, 116, 101, 110, 116, 95, 116, 121, 112, 101, 34, 58, 34, 97, 112, 112, 108, 105, 99, 97, 116, 105, 111, 110, 47, 111, 99, 116, 101, 116, 45, 115, 116, 114, 101, 97, 109, 34, 44, 34, 116, 116, 108, 95, 115, 101, 99, 111, 110, 100, 115, 34, 58, 49, 44, 34, 101, 120, 112, 105, 114, 101, 115, 95, 97, 116, 95, 117, 110, 105, 120, 34, 58, 110, 117, 108, 108, 44, 34, 101, 120, 112, 105, 114, 101, 115, 95, 97, 116, 95, 114, 97, 119, 34, 58, 110, 117, 108, 108, 44, 34, 99, 114, 101, 97, 116, 101, 95, 99, 108, 111, 115, 101, 100, 34, 58, 102, 97, 108, 115, 101, 44, 34, 102, 111, 114, 107, 101, 100, 95, 102, 114, 111, 109, 34, 58, 110, 117, 108, 108, 44, 34, 102, 111, 114, 107, 95, 111, 102, 102, 115, 101, 116, 95, 114, 97, 119, 34, 58, 110, 117, 108, 108, 44, 34, 102, 111, 114, 107, 95, 115, 117, 98, 95, 111, 102, 102, 115, 101, 116, 34, 58, 110, 117, 108, 108, 44, 34, 98, 97, 115, 101, 95, 111, 102, 102, 115, 101, 116, 34, 58, 48, 44, 34, 99, 108, 111, 115, 101, 100, 34, 58, 102, 97, 108, 115, 101, 44, 34, 99, 108, 111, 115, 101, 100, 95, 98, 121, 34, 58, 110, 117, 108, 108, 44, 34, 112, 114, 111, 100, 117, 99, 101, 114, 115, 34, 58, 123, 125, 44, 34, 108, 97, 115, 116, 95, 115, 101, 113, 95, 104, 101, 97, 100, 101, 114, 34, 58, 110, 117, 108, 108, 44, 34, 108, 97, 115, 116, 95, 97, 99, 99, 101, 115, 115, 95, 117, 110, 105, 120, 34, 58, 49, 44, 34, 108, 97, 115, 116, 95, 97, 99, 99, 101, 115, 115, 95, 109, 105, 108, 108, 105, 115, 34, 58, 49, 48, 52, 53, 44, 34, 101, 120, 112, 105, 114, 101, 115, 95, 97, 116, 95, 109, 105, 108, 108, 105, 115, 34, 58, 110, 117, 108, 108, 44, 34, 114, 101, 102, 95, 99, 111, 117, 110, 116, 34, 58, 48, 44, 34, 115, 111, 102, 116, 95, 100, 101, 108, 101, 116, 101, 100, 34, 58, 102, 97, 108, 115, 101, 44, 34, 115, 101, 103, 109, 101, 110, 116, 115, 34, 58, 91, 93, 44, 34, 115, 101, 97, 108, 101, 100, 95, 111, 102, 102, 115, 101, 116, 34, 58, 48, 44, 34, 102, 105, 108, 101, 95, 98, 97, 115, 101, 34, 58, 48, 44, 34, 112, 101, 110, 100, 105, 110, 103, 95, 99, 111, 109, 112, 97, 99, 116, 105, 111, 110, 34, 58, 110, 117, 108, 108, 44, 34, 100, 117, 114, 97, 98, 108, 101, 95, 116, 97, 105, 108, 34, 58, 48, 125]

thread 'replication::journal::tests::snapshot_captures_fresh_metadata_without_rewriting_disposable_sidecars' (3551781) panicked at src/replication/journal.rs:1064:17:
assertion `left == right` failed: archive creation must not rewrite disposable sidecars
  left: [123, 34, 105, 100, 34, 58, 48, 44, 34, 112, 97, 116, 104, 34, 58, 34, 47, 102, 114, 101, 115, 104, 34, 44, 34, 99, 111, 110, 116, 101, 110, 116, 95, 116, 121, 112, 101, 34, 58, 34, 97, 112, 112, 108, 105, 99, 97, 116, 105, 111, 110, 47, 111, 99, 116, 101, 116, 45, 115, 116, 114, 101, 97, 109, 34, 44, 34, 116, 116, 108, 95, 115, 101, 99, 111, 110, 100, 115, 34, 58, 49, 44, 34, 101, 120, 112, 105, 114, 101, 115, 95, 97, 116, 95, 117, 110, 105, 120, 34, 58, 110, 117, 108, 108, 44, 34, 101, 120, 112, 105, 114, 101, 115, 95, 97, 116, 95, 114, 97, 119, 34, 58, 110, 117, 108, 108, 44, 34, 99, 114, 101, 97, 116, 101, 95, 99, 108, 111, 115, 101, 100, 34, 58, 102, 97, 108, 115, 101, 44, 34, 102, 111, 114, 107, 101, 100, 95, 102, 114, 111, 109, 34, 58, 110, 117, 108, 108, 44, 34, 102, 111, 114, 107, 95, 111, 102, 102, 115, 101, 116, 95, 114, 97, 119, 34, 58, 110, 117, 108, 108, 44, 34, 102, 111, 114, 107, 95, 115, 117, 98, 95, 111, 102, 102, 115, 101, 116, 34, 58, 110, 117, 108, 108, 44, 34, 98, 97, 115, 101, 95, 111, 102, 102, 115, 101, 116, 34, 58, 48, 44, 34, 99, 108, 111, 115, 101, 100, 34, 58, 102, 97, 108, 115, 101, 44, 34, 99, 108, 111, 115, 101, 100, 95, 98, 121, 34, 58, 110, 117, 108, 108, 44, 34, 112, 114, 111, 100, 117, 99, 101, 114, 115, 34, 58, 123, 34, 115, 110, 97, 112, 115, 104, 111, 116, 45, 112, 34, 58, 123, 34, 101, 112, 111, 99, 104, 34, 58, 55, 44, 34, 108, 97, 115, 116, 95, 115, 101, 113, 34, 58, 49, 125, 125, 44, 34, 108, 97, 115, 116, 95, 115, 101, 113, 95, 104, 101, 97, 100, 101, 114, 34, 58, 110, 117, 108, 108, 44, 34, 108, 97, 115, 116, 95, 97, 99, 99, 101, 115, 115, 95, 117, 110, 105, 120, 34, 58, 49, 44, 34, 108, 97, 115, 116, 95, 97, 99, 99, 101, 115, 115, 95, 109, 105, 108, 108, 105, 115, 34, 58, 49, 48, 52, 51, 44, 34, 101, 120, 112, 105, 114, 101, 115, 95, 97, 116, 95, 109, 105, 108, 108, 105, 115, 34, 58, 110, 117, 108, 108, 44, 34, 114, 101, 102, 95, 99, 111, 117, 110, 116, 34, 58, 48, 44, 34, 115, 111, 102, 116, 95, 100, 101, 108, 101, 116, 101, 100, 34, 58, 102, 97, 108, 115, 101, 44, 34, 115, 101, 103, 109, 101, 110, 116, 115, 34, 58, 91, 93, 44, 34, 115, 101, 97, 108, 101, 100, 95, 111, 102, 102, 115, 101, 116, 34, 58, 48, 44, 34, 102, 105, 108, 101, 95, 98, 97, 115, 101, 34, 58, 48, 44, 34, 112, 101, 110, 100, 105, 110, 103, 95, 99, 111, 109, 112, 97, 99, 116, 105, 111, 110, 34, 58, 110, 117, 108, 108, 44, 34, 100, 117, 114, 97, 98, 108, 101, 95, 116, 97, 105, 108, 34, 58, 52, 125]
 right: [123, 34, 105, 100, 34, 58, 48, 44, 34, 112, 97, 116, 104, 34, 58, 34, 47, 102, 114, 101, 115, 104, 34, 44, 34, 99, 111, 110, 116, 101, 110, 116, 95, 116, 121, 112, 101, 34, 58, 34, 97, 112, 112, 108, 105, 99, 97, 116, 105, 111, 110, 47, 111, 99, 116, 101, 116, 45, 115, 116, 114, 101, 97, 109, 34, 44, 34, 116, 116, 108, 95, 115, 101, 99, 111, 110, 100, 115, 34, 58, 49, 44, 34, 101, 120, 112, 105, 114, 101, 115, 95, 97, 116, 95, 117, 110, 105, 120, 34, 58, 110, 117, 108, 108, 44, 34, 101, 120, 112, 105, 114, 101, 115, 95, 97, 116, 95, 114, 97, 119, 34, 58, 110, 117, 108, 108, 44, 34, 99, 114, 101, 97, 116, 101, 95, 99, 108, 111, 115, 101, 100, 34, 58, 102, 97, 108, 115, 101, 44, 34, 102, 111, 114, 107, 101, 100, 95, 102, 114, 111, 109, 34, 58, 110, 117, 108, 108, 44, 34, 102, 111, 114, 107, 95, 111, 102, 102, 115, 101, 116, 95, 114, 97, 119, 34, 58, 110, 117, 108, 108, 44, 34, 102, 111, 114, 107, 95, 115, 117, 98, 95, 111, 102, 102, 115, 101, 116, 34, 58, 110, 117, 108, 108, 44, 34, 98, 97, 115, 101, 95, 111, 102, 102, 115, 101, 116, 34, 58, 48, 44, 34, 99, 108, 111, 115, 101, 100, 34, 58, 102, 97, 108, 115, 101, 44, 34, 99, 108, 111, 115, 101, 100, 95, 98, 121, 34, 58, 110, 117, 108, 108, 44, 34, 112, 114, 111, 100, 117, 99, 101, 114, 115, 34, 58, 123, 125, 44, 34, 108, 97, 115, 116, 95, 115, 101, 113, 95, 104, 101, 97, 100, 101, 114, 34, 58, 110, 117, 108, 108, 44, 34, 108, 97, 115, 116, 95, 97, 99, 99, 101, 115, 115, 95, 117, 110, 105, 120, 34, 58, 49, 44, 34, 108, 97, 115, 116, 95, 97, 99, 99, 101, 115, 115, 95, 109, 105, 108, 108, 105, 115, 34, 58, 49, 48, 50, 51, 44, 34, 101, 120, 112, 105, 114, 101, 115, 95, 97, 116, 95, 109, 105, 108, 108, 105, 115, 34, 58, 110, 117, 108, 108, 44, 34, 114, 101, 102, 95, 99, 111, 117, 110, 116, 34, 58, 48, 44, 34, 115, 111, 102, 116, 95, 100, 101, 108, 101, 116, 101, 100, 34, 58, 102, 97, 108, 115, 101, 44, 34, 115, 101, 103, 109, 101, 110, 116, 115, 34, 58, 91, 93, 44, 34, 115, 101, 97, 108, 101, 100, 95, 111, 102, 102, 115, 101, 116, 34, 58, 48, 44, 34, 102, 105, 108, 101, 95, 98, 97, 115, 101, 34, 58, 48, 44, 34, 112, 101, 110, 100, 105, 110, 103, 95, 99, 111, 109, 112, 97, 99, 116, 105, 111, 110, 34, 58, 110, 117, 108, 108, 44, 34, 100, 117, 114, 97, 98, 108, 101, 95, 116, 97, 105, 108, 34, 58, 48, 125]

thread 'replication::journal::tests::snapshot_captures_fresh_metadata_without_rewriting_disposable_sidecars' (3551781) panicked at src/replication/journal.rs:1064:17:
assertion `left == right` failed: archive creation must not rewrite disposable sidecars
  left: [123, 34, 105, 100, 34, 58, 48, 44, 34, 112, 97, 116, 104, 34, 58, 34, 47, 102, 114, 101, 115, 104, 34, 44, 34, 99, 111, 110, 116, 101, 110, 116, 95, 116, 121, 112, 101, 34, 58, 34, 97, 112, 112, 108, 105, 99, 97, 116, 105, 111, 110, 47, 111, 99, 116, 101, 116, 45, 115, 116, 114, 101, 97, 109, 34, 44, 34, 116, 116, 108, 95, 115, 101, 99, 111, 110, 100, 115, 34, 58, 49, 44, 34, 101, 120, 112, 105, 114, 101, 115, 95, 97, 116, 95, 117, 110, 105, 120, 34, 58, 110, 117, 108, 108, 44, 34, 101, 120, 112, 105, 114, 101, 115, 95, 97, 116, 95, 114, 97, 119, 34, 58, 110, 117, 108, 108, 44, 34, 99, 114, 101, 97, 116, 101, 95, 99, 108, 111, 115, 101, 100, 34, 58, 102, 97, 108, 115, 101, 44, 34, 102, 111, 114, 107, 101, 100, 95, 102, 114, 111, 109, 34, 58, 110, 117, 108, 108, 44, 34, 102, 111, 114, 107, 95, 111, 102, 102, 115, 101, 116, 95, 114, 97, 119, 34, 58, 110, 117, 108, 108, 44, 34, 102, 111, 114, 107, 95, 115, 117, 98, 95, 111, 102, 102, 115, 101, 116, 34, 58, 110, 117, 108, 108, 44, 34, 98, 97, 115, 101, 95, 111, 102, 102, 115, 101, 116, 34, 58, 48, 44, 34, 99, 108, 111, 115, 101, 100, 34, 58, 102, 97, 108, 115, 101, 44, 34, 99, 108, 111, 115, 101, 100, 95, 98, 121, 34, 58, 110, 117, 108, 108, 44, 34, 112, 114, 111, 100, 117, 99, 101, 114, 115, 34, 58, 123, 34, 115, 110, 97, 112, 115, 104, 111, 116, 45, 112, 34, 58, 123, 34, 101, 112, 111, 99, 104, 34, 58, 55, 44, 34, 108, 97, 115, 116, 95, 115, 101, 113, 34, 58, 49, 125, 125, 44, 34, 108, 97, 115, 116, 95, 115, 101, 113, 95, 104, 101, 97, 100, 101, 114, 34, 58, 110, 117, 108, 108, 44, 34, 108, 97, 115, 116, 95, 97, 99, 99, 101, 115, 115, 95, 117, 110, 105, 120, 34, 58, 49, 44, 34, 108, 97, 115, 116, 95, 97, 99, 99, 101, 115, 115, 95, 109, 105, 108, 108, 105, 115, 34, 58, 49, 48, 51, 50, 44, 34, 101, 120, 112, 105, 114, 101, 115, 95, 97, 116, 95, 109, 105, 108, 108, 105, 115, 34, 58, 110, 117, 108, 108, 44, 34, 114, 101, 102, 95, 99, 111, 117, 110, 116, 34, 58, 48, 44, 34, 115, 111, 102, 116, 95, 100, 101, 108, 101, 116, 101, 100, 34, 58, 102, 97, 108, 115, 101, 44, 34, 115, 101, 103, 109, 101, 110, 116, 115, 34, 58, 91, 93, 44, 34, 115, 101, 97, 108, 101, 100, 95, 111, 102, 102, 115, 101, 116, 34, 58, 48, 44, 34, 102, 105, 108, 101, 95, 98, 97, 115, 101, 34, 58, 48, 44, 34, 112, 101, 110, 100, 105, 110, 103, 95, 99, 111, 109, 112, 97, 99, 116, 105, 111, 110, 34, 58, 110, 117, 108, 108, 44, 34, 100, 117, 114, 97, 98, 108, 101, 95, 116, 97, 105, 108, 34, 58, 52, 125]
 right: [123, 34, 105, 100, 34, 58, 48, 44, 34, 112, 97, 116, 104, 34, 58, 34, 47, 102, 114, 101, 115, 104, 34, 44, 34, 99, 111, 110, 116, 101, 110, 116, 95, 116, 121, 112, 101, 34, 58, 34, 97, 112, 112, 108, 105, 99, 97, 116, 105, 111, 110, 47, 111, 99, 116, 101, 116, 45, 115, 116, 114, 101, 97, 109, 34, 44, 34, 116, 116, 108, 95, 115, 101, 99, 111, 110, 100, 115, 34, 58, 49, 44, 34, 101, 120, 112, 105, 114, 101, 115, 95, 97, 116, 95, 117, 110, 105, 120, 34, 58, 110, 117, 108, 108, 44, 34, 101, 120, 112, 105, 114, 101, 115, 95, 97, 116, 95, 114, 97, 119, 34, 58, 110, 117, 108, 108, 44, 34, 99, 114, 101, 97, 116, 101, 95, 99, 108, 111, 115, 101, 100, 34, 58, 102, 97, 108, 115, 101, 44, 34, 102, 111, 114, 107, 101, 100, 95, 102, 114, 111, 109, 34, 58, 110, 117, 108, 108, 44, 34, 102, 111, 114, 107, 95, 111, 102, 102, 115, 101, 116, 95, 114, 97, 119, 34, 58, 110, 117, 108, 108, 44, 34, 102, 111, 114, 107, 95, 115, 117, 98, 95, 111, 102, 102, 115, 101, 116, 34, 58, 110, 117, 108, 108, 44, 34, 98, 97, 115, 101, 95, 111, 102, 102, 115, 101, 116, 34, 58, 48, 44, 34, 99, 108, 111, 115, 101, 100, 34, 58, 102, 97, 108, 115, 101, 44, 34, 99, 108, 111, 115, 101, 100, 95, 98, 121, 34, 58, 110, 117, 108, 108, 44, 34, 112, 114, 111, 100, 117, 99, 101, 114, 115, 34, 58, 123, 125, 44, 34, 108, 97, 115, 116, 95, 115, 101, 113, 95, 104, 101, 97, 100, 101, 114, 34, 58, 110, 117, 108, 108, 44, 34, 108, 97, 115, 116, 95, 97, 99, 99, 101, 115, 115, 95, 117, 110, 105, 120, 34, 58, 49, 44, 34, 108, 97, 115, 116, 95, 97, 99, 99, 101, 115, 115, 95, 109, 105, 108, 108, 105, 115, 34, 58, 49, 48, 49, 50, 44, 34, 101, 120, 112, 105, 114, 101, 115, 95, 97, 116, 95, 109, 105, 108, 108, 105, 115, 34, 58, 110, 117, 108, 108, 44, 34, 114, 101, 102, 95, 99, 111, 117, 110, 116, 34, 58, 48, 44, 34, 115, 111, 102, 116, 95, 100, 101, 108, 101, 116, 101, 100, 34, 58, 102, 97, 108, 115, 101, 44, 34, 115, 101, 103, 109, 101, 110, 116, 115, 34, 58, 91, 93, 44, 34, 115, 101, 97, 108, 101, 100, 95, 111, 102, 102, 115, 101, 116, 34, 58, 48, 44, 34, 102, 105, 108, 101, 95, 98, 97, 115, 101, 34, 58, 48, 44, 34, 112, 101, 110, 100, 105, 110, 103, 95, 99, 111, 109, 112, 97, 99, 116, 105, 111, 110, 34, 58, 110, 117, 108, 108, 44, 34, 100, 117, 114, 97, 98, 108, 101, 95, 116, 97, 105, 108, 34, 58, 48, 125]

thread 'replication::journal::tests::snapshot_captures_fresh_metadata_without_rewriting_disposable_sidecars' (3551781) panicked at src/replication/journal.rs:1064:17:
assertion `left == right` failed: archive creation must not rewrite disposable sidecars
  left: [123, 34, 105, 100, 34, 58, 48, 44, 34, 112, 97, 116, 104, 34, 58, 34, 47, 102, 114, 101, 115, 104, 34, 44, 34, 99, 111, 110, 116, 101, 110, 116, 95, 116, 121, 112, 101, 34, 58, 34, 97, 112, 112, 108, 105, 99, 97, 116, 105, 111, 110, 47, 111, 99, 116, 101, 116, 45, 115, 116, 114, 101, 97, 109, 34, 44, 34, 116, 116, 108, 95, 115, 101, 99, 111, 110, 100, 115, 34, 58, 49, 44, 34, 101, 120, 112, 105, 114, 101, 115, 95, 97, 116, 95, 117, 110, 105, 120, 34, 58, 110, 117, 108, 108, 44, 34, 101, 120, 112, 105, 114, 101, 115, 95, 97, 116, 95, 114, 97, 119, 34, 58, 110, 117, 108, 108, 44, 34, 99, 114, 101, 97, 116, 101, 95, 99, 108, 111, 115, 101, 100, 34, 58, 102, 97, 108, 115, 101, 44, 34, 102, 111, 114, 107, 101, 100, 95, 102, 114, 111, 109, 34, 58, 110, 117, 108, 108, 44, 34, 102, 111, 114, 107, 95, 111, 102, 102, 115, 101, 116, 95, 114, 97, 119, 34, 58, 110, 117, 108, 108, 44, 34, 102, 111, 114, 107, 95, 115, 117, 98, 95, 111, 102, 102, 115, 101, 116, 34, 58, 110, 117, 108, 108, 44, 34, 98, 97, 115, 101, 95, 111, 102, 102, 115, 101, 116, 34, 58, 48, 44, 34, 99, 108, 111, 115, 101, 100, 34, 58, 102, 97, 108, 115, 101, 44, 34, 99, 108, 111, 115, 101, 100, 95, 98, 121, 34, 58, 110, 117, 108, 108, 44, 34, 112, 114, 111, 100, 117, 99, 101, 114, 115, 34, 58, 123, 34, 115, 110, 97, 112, 115, 104, 111, 116, 45, 112, 34, 58, 123, 34, 101, 112, 111, 99, 104, 34, 58, 55, 44, 34, 108, 97, 115, 116, 95, 115, 101, 113, 34, 58, 49, 125, 125, 44, 34, 108, 97, 115, 116, 95, 115, 101, 113, 95, 104, 101, 97, 100, 101, 114, 34, 58, 110, 117, 108, 108, 44, 34, 108, 97, 115, 116, 95, 97, 99, 99, 101, 115, 115, 95, 117, 110, 105, 120, 34, 58, 49, 44, 34, 108, 97, 115, 116, 95, 97, 99, 99, 101, 115, 115, 95, 109, 105, 108, 108, 105, 115, 34, 58, 49, 48, 50, 54, 44, 34, 101, 120, 112, 105, 114, 101, 115, 95, 97, 116, 95, 109, 105, 108, 108, 105, 115, 34, 58, 110, 117, 108, 108, 44, 34, 114, 101, 102, 95, 99, 111, 117, 110, 116, 34, 58, 48, 44, 34, 115, 111, 102, 116, 95, 100, 101, 108, 101, 116, 101, 100, 34, 58, 102, 97, 108, 115, 101, 44, 34, 115, 101, 103, 109, 101, 110, 116, 115, 34, 58, 91, 93, 44, 34, 115, 101, 97, 108, 101, 100, 95, 111, 102, 102, 115, 101, 116, 34, 58, 48, 44, 34, 102, 105, 108, 101, 95, 98, 97, 115, 101, 34, 58, 48, 44, 34, 112, 101, 110, 100, 105, 110, 103, 95, 99, 111, 109, 112, 97, 99, 116, 105, 111, 110, 34, 58, 110, 117, 108, 108, 44, 34, 100, 117, 114, 97, 98, 108, 101, 95, 116, 97, 105, 108, 34, 58, 52, 125]
 right: [123, 34, 105, 100, 34, 58, 48, 44, 34, 112, 97, 116, 104, 34, 58, 34, 47, 102, 114, 101, 115, 104, 34, 44, 34, 99, 111, 110, 116, 101, 110, 116, 95, 116, 121, 112, 101, 34, 58, 34, 97, 112, 112, 108, 105, 99, 97, 116, 105, 111, 110, 47, 111, 99, 116, 101, 116, 45, 115, 116, 114, 101, 97, 109, 34, 44, 34, 116, 116, 108, 95, 115, 101, 99, 111, 110, 100, 115, 34, 58, 49, 44, 34, 101, 120, 112, 105, 114, 101, 115, 95, 97, 116, 95, 117, 110, 105, 120, 34, 58, 110, 117, 108, 108, 44, 34, 101, 120, 112, 105, 114, 101, 115, 95, 97, 116, 95, 114, 97, 119, 34, 58, 110, 117, 108, 108, 44, 34, 99, 114, 101, 97, 116, 101, 95, 99, 108, 111, 115, 101, 100, 34, 58, 102, 97, 108, 115, 101, 44, 34, 102, 111, 114, 107, 101, 100, 95, 102, 114, 111, 109, 34, 58, 110, 117, 108, 108, 44, 34, 102, 111, 114, 107, 95, 111, 102, 102, 115, 101, 116, 95, 114, 97, 119, 34, 58, 110, 117, 108, 108, 44, 34, 102, 111, 114, 107, 95, 115, 117, 98, 95, 111, 102, 102, 115, 101, 116, 34, 58, 110, 117, 108, 108, 44, 34, 98, 97, 115, 101, 95, 111, 102, 102, 115, 101, 116, 34, 58, 48, 44, 34, 99, 108, 111, 115, 101, 100, 34, 58, 102, 97, 108, 115, 101, 44, 34, 99, 108, 111, 115, 101, 100, 95, 98, 121, 34, 58, 110, 117, 108, 108, 44, 34, 112, 114, 111, 100, 117, 99, 101, 114, 115, 34, 58, 123, 125, 44, 34, 108, 97, 115, 116, 95, 115, 101, 113, 95, 104, 101, 97, 100, 101, 114, 34, 58, 110, 117, 108, 108, 44, 34, 108, 97, 115, 116, 95, 97, 99, 99, 101, 115, 115, 95, 117, 110, 105, 120, 34, 58, 49, 44, 34, 108, 97, 115, 116, 95, 97, 99, 99, 101, 115, 115, 95, 109, 105, 108, 108, 105, 115, 34, 58, 49, 48, 48, 54, 44, 34, 101, 120, 112, 105, 114, 101, 115, 95, 97, 116, 95, 109, 105, 108, 108, 105, 115, 34, 58, 110, 117, 108, 108, 44, 34, 114, 101, 102, 95, 99, 111, 117, 110, 116, 34, 58, 48, 44, 34, 115, 111, 102, 116, 95, 100, 101, 108, 101, 116, 101, 100, 34, 58, 102, 97, 108, 115, 101, 44, 34, 115, 101, 103, 109, 101, 110, 116, 115, 34, 58, 91, 93, 44, 34, 115, 101, 97, 108, 101, 100, 95, 111, 102, 102, 115, 101, 116, 34, 58, 48, 44, 34, 102, 105, 108, 101, 95, 98, 97, 115, 101, 34, 58, 48, 44, 34, 112, 101, 110, 100, 105, 110, 103, 95, 99, 111, 109, 112, 97, 99, 116, 105, 111, 110, 34, 58, 110, 117, 108, 108, 44, 34, 100, 117, 114, 97, 98, 108, 101, 95, 116, 97, 105, 108, 34, 58, 48, 125]

thread 'replication::journal::tests::snapshot_captures_fresh_metadata_without_rewriting_disposable_sidecars' (3551781) panicked at src/replication/journal.rs:1064:17:
assertion `left == right` failed: archive creation must not rewrite disposable sidecars
  left: [123, 34, 105, 100, 34, 58, 48, 44, 34, 112, 97, 116, 104, 34, 58, 34, 47, 102, 114, 101, 115, 104, 34, 44, 34, 99, 111, 110, 116, 101, 110, 116, 95, 116, 121, 112, 101, 34, 58, 34, 97, 112, 112, 108, 105, 99, 97, 116, 105, 111, 110, 47, 111, 99, 116, 101, 116, 45, 115, 116, 114, 101, 97, 109, 34, 44, 34, 116, 116, 108, 95, 115, 101, 99, 111, 110, 100, 115, 34, 58, 49, 44, 34, 101, 120, 112, 105, 114, 101, 115, 95, 97, 116, 95, 117, 110, 105, 120, 34, 58, 110, 117, 108, 108, 44, 34, 101, 120, 112, 105, 114, 101, 115, 95, 97, 116, 95, 114, 97, 119, 34, 58, 110, 117, 108, 108, 44, 34, 99, 114, 101, 97, 116, 101, 95, 99, 108, 111, 115, 101, 100, 34, 58, 102, 97, 108, 115, 101, 44, 34, 102, 111, 114, 107, 101, 100, 95, 102, 114, 111, 109, 34, 58, 110, 117, 108, 108, 44, 34, 102, 111, 114, 107, 95, 111, 102, 102, 115, 101, 116, 95, 114, 97, 119, 34, 58, 110, 117, 108, 108, 44, 34, 102, 111, 114, 107, 95, 115, 117, 98, 95, 111, 102, 102, 115, 101, 116, 34, 58, 110, 117, 108, 108, 44, 34, 98, 97, 115, 101, 95, 111, 102, 102, 115, 101, 116, 34, 58, 48, 44, 34, 99, 108, 111, 115, 101, 100, 34, 58, 102, 97, 108, 115, 101, 44, 34, 99, 108, 111, 115, 101, 100, 95, 98, 121, 34, 58, 110, 117, 108, 108, 44, 34, 112, 114, 111, 100, 117, 99, 101, 114, 115, 34, 58, 123, 34, 115, 110, 97, 112, 115, 104, 111, 116, 45, 112, 34, 58, 123, 34, 101, 112, 111, 99, 104, 34, 58, 55, 44, 34, 108, 97, 115, 116, 95, 115, 101, 113, 34, 58, 49, 125, 125, 44, 34, 108, 97, 115, 116, 95, 115, 101, 113, 95, 104, 101, 97, 100, 101, 114, 34, 58, 110, 117, 108, 108, 44, 34, 108, 97, 115, 116, 95, 97, 99, 99, 101, 115, 115, 95, 117, 110, 105, 120, 34, 58, 49, 44, 34, 108, 97, 115, 116, 95, 97, 99, 99, 101, 115, 115, 95, 109, 105, 108, 108, 105, 115, 34, 58, 49, 48, 50, 51, 44, 34, 101, 120, 112, 105, 114, 101, 115, 95, 97, 116, 95, 109, 105, 108, 108, 105, 115, 34, 58, 110, 117, 108, 108, 44, 34, 114, 101, 102, 95, 99, 111, 117, 110, 116, 34, 58, 48, 44, 34, 115, 111, 102, 116, 95, 100, 101, 108, 101, 116, 101, 100, 34, 58, 102, 97, 108, 115, 101, 44, 34, 115, 101, 103, 109, 101, 110, 116, 115, 34, 58, 91, 93, 44, 34, 115, 101, 97, 108, 101, 100, 95, 111, 102, 102, 115, 101, 116, 34, 58, 48, 44, 34, 102, 105, 108, 101, 95, 98, 97, 115, 101, 34, 58, 48, 44, 34, 112, 101, 110, 100, 105, 110, 103, 95, 99, 111, 109, 112, 97, 99, 116, 105, 111, 110, 34, 58, 110, 117, 108, 108, 44, 34, 100, 117, 114, 97, 98, 108, 101, 95, 116, 97, 105, 108, 34, 58, 52, 125]
 right: [123, 34, 105, 100, 34, 58, 48, 44, 34, 112, 97, 116, 104, 34, 58, 34, 47, 102, 114, 101, 115, 104, 34, 44, 34, 99, 111, 110, 116, 101, 110, 116, 95, 116, 121, 112, 101, 34, 58, 34, 97, 112, 112, 108, 105, 99, 97, 116, 105, 111, 110, 47, 111, 99, 116, 101, 116, 45, 115, 116, 114, 101, 97, 109, 34, 44, 34, 116, 116, 108, 95, 115, 101, 99, 111, 110, 100, 115, 34, 58, 49, 44, 34, 101, 120, 112, 105, 114, 101, 115, 95, 97, 116, 95, 117, 110, 105, 120, 34, 58, 110, 117, 108, 108, 44, 34, 101, 120, 112, 105, 114, 101, 115, 95, 97, 116, 95, 114, 97, 119, 34, 58, 110, 117, 108, 108, 44, 34, 99, 114, 101, 97, 116, 101, 95, 99, 108, 111, 115, 101, 100, 34, 58, 102, 97, 108, 115, 101, 44, 34, 102, 111, 114, 107, 101, 100, 95, 102, 114, 111, 109, 34, 58, 110, 117, 108, 108, 44, 34, 102, 111, 114, 107, 95, 111, 102, 102, 115, 101, 116, 95, 114, 97, 119, 34, 58, 110, 117, 108, 108, 44, 34, 102, 111, 114, 107, 95, 115, 117, 98, 95, 111, 102, 102, 115, 101, 116, 34, 58, 110, 117, 108, 108, 44, 34, 98, 97, 115, 101, 95, 111, 102, 102, 115, 101, 116, 34, 58, 48, 44, 34, 99, 108, 111, 115, 101, 100, 34, 58, 102, 97, 108, 115, 101, 44, 34, 99, 108, 111, 115, 101, 100, 95, 98, 121, 34, 58, 110, 117, 108, 108, 44, 34, 112, 114, 111, 100, 117, 99, 101, 114, 115, 34, 58, 123, 125, 44, 34, 108, 97, 115, 116, 95, 115, 101, 113, 95, 104, 101, 97, 100, 101, 114, 34, 58, 110, 117, 108, 108, 44, 34, 108, 97, 115, 116, 95, 97, 99, 99, 101, 115, 115, 95, 117, 110, 105, 120, 34, 58, 49, 44, 34, 108, 97, 115, 116, 95, 97, 99, 99, 101, 115, 115, 95, 109, 105, 108, 108, 105, 115, 34, 58, 49, 48, 48, 51, 44, 34, 101, 120, 112, 105, 114, 101, 115, 95, 97, 116, 95, 109, 105, 108, 108, 105, 115, 34, 58, 110, 117, 108, 108, 44, 34, 114, 101, 102, 95, 99, 111, 117, 110, 116, 34, 58, 48, 44, 34, 115, 111, 102, 116, 95, 100, 101, 108, 101, 116, 101, 100, 34, 58, 102, 97, 108, 115, 101, 44, 34, 115, 101, 103, 109, 101, 110, 116, 115, 34, 58, 91, 93, 44, 34, 115, 101, 97, 108, 101, 100, 95, 111, 102, 102, 115, 101, 116, 34, 58, 48, 44, 34, 102, 105, 108, 101, 95, 98, 97, 115, 101, 34, 58, 48, 44, 34, 112, 101, 110, 100, 105, 110, 103, 95, 99, 111, 109, 112, 97, 99, 116, 105, 111, 110, 34, 58, 110, 117, 108, 108, 44, 34, 100, 117, 114, 97, 98, 108, 101, 95, 116, 97, 105, 108, 34, 58, 48, 125]

thread 'replication::journal::tests::snapshot_captures_fresh_metadata_without_rewriting_disposable_sidecars' (3551781) panicked at src/replication/journal.rs:1064:17:
assertion `left == right` failed: archive creation must not rewrite disposable sidecars
  left: [123, 34, 105, 100, 34, 58, 48, 44, 34, 112, 97, 116, 104, 34, 58, 34, 47, 102, 114, 101, 115, 104, 34, 44, 34, 99, 111, 110, 116, 101, 110, 116, 95, 116, 121, 112, 101, 34, 58, 34, 97, 112, 112, 108, 105, 99, 97, 116, 105, 111, 110, 47, 111, 99, 116, 101, 116, 45, 115, 116, 114, 101, 97, 109, 34, 44, 34, 116, 116, 108, 95, 115, 101, 99, 111, 110, 100, 115, 34, 58, 49, 44, 34, 101, 120, 112, 105, 114, 101, 115, 95, 97, 116, 95, 117, 110, 105, 120, 34, 58, 110, 117, 108, 108, 44, 34, 101, 120, 112, 105, 114, 101, 115, 95, 97, 116, 95, 114, 97, 119, 34, 58, 110, 117, 108, 108, 44, 34, 99, 114, 101, 97, 116, 101, 95, 99, 108, 111, 115, 101, 100, 34, 58, 102, 97, 108, 115, 101, 44, 34, 102, 111, 114, 107, 101, 100, 95, 102, 114, 111, 109, 34, 58, 110, 117, 108, 108, 44, 34, 102, 111, 114, 107, 95, 111, 102, 102, 115, 101, 116, 95, 114, 97, 119, 34, 58, 110, 117, 108, 108, 44, 34, 102, 111, 114, 107, 95, 115, 117, 98, 95, 111, 102, 102, 115, 101, 116, 34, 58, 110, 117, 108, 108, 44, 34, 98, 97, 115, 101, 95, 111, 102, 102, 115, 101, 116, 34, 58, 48, 44, 34, 99, 108, 111, 115, 101, 100, 34, 58, 102, 97, 108, 115, 101, 44, 34, 99, 108, 111, 115, 101, 100, 95, 98, 121, 34, 58, 110, 117, 108, 108, 44, 34, 112, 114, 111, 100, 117, 99, 101, 114, 115, 34, 58, 123, 34, 115, 110, 97, 112, 115, 104, 111, 116, 45, 112, 34, 58, 123, 34, 101, 112, 111, 99, 104, 34, 58, 55, 44, 34, 108, 97, 115, 116, 95, 115, 101, 113, 34, 58, 49, 125, 125, 44, 34, 108, 97, 115, 116, 95, 115, 101, 113, 95, 104, 101, 97, 100, 101, 114, 34, 58, 110, 117, 108, 108, 44, 34, 108, 97, 115, 116, 95, 97, 99, 99, 101, 115, 115, 95, 117, 110, 105, 120, 34, 58, 49, 44, 34, 108, 97, 115, 116, 95, 97, 99, 99, 101, 115, 115, 95, 109, 105, 108, 108, 105, 115, 34, 58, 49, 48, 50, 50, 44, 34, 101, 120, 112, 105, 114, 101, 115, 95, 97, 116, 95, 109, 105, 108, 108, 105, 115, 34, 58, 110, 117, 108, 108, 44, 34, 114, 101, 102, 95, 99, 111, 117, 110, 116, 34, 58, 48, 44, 34, 115, 111, 102, 116, 95, 100, 101, 108, 101, 116, 101, 100, 34, 58, 102, 97, 108, 115, 101, 44, 34, 115, 101, 103, 109, 101, 110, 116, 115, 34, 58, 91, 93, 44, 34, 115, 101, 97, 108, 101, 100, 95, 111, 102, 102, 115, 101, 116, 34, 58, 48, 44, 34, 102, 105, 108, 101, 95, 98, 97, 115, 101, 34, 58, 48, 44, 34, 112, 101, 110, 100, 105, 110, 103, 95, 99, 111, 109, 112, 97, 99, 116, 105, 111, 110, 34, 58, 110, 117, 108, 108, 44, 34, 100, 117, 114, 97, 98, 108, 101, 95, 116, 97, 105, 108, 34, 58, 52, 125]
 right: [123, 34, 105, 100, 34, 58, 48, 44, 34, 112, 97, 116, 104, 34, 58, 34, 47, 102, 114, 101, 115, 104, 34, 44, 34, 99, 111, 110, 116, 101, 110, 116, 95, 116, 121, 112, 101, 34, 58, 34, 97, 112, 112, 108, 105, 99, 97, 116, 105, 111, 110, 47, 111, 99, 116, 101, 116, 45, 115, 116, 114, 101, 97, 109, 34, 44, 34, 116, 116, 108, 95, 115, 101, 99, 111, 110, 100, 115, 34, 58, 49, 44, 34, 101, 120, 112, 105, 114, 101, 115, 95, 97, 116, 95, 117, 110, 105, 120, 34, 58, 110, 117, 108, 108, 44, 34, 101, 120, 112, 105, 114, 101, 115, 95, 97, 116, 95, 114, 97, 119, 34, 58, 110, 117, 108, 108, 44, 34, 99, 114, 101, 97, 116, 101, 95, 99, 108, 111, 115, 101, 100, 34, 58, 102, 97, 108, 115, 101, 44, 34, 102, 111, 114, 107, 101, 100, 95, 102, 114, 111, 109, 34, 58, 110, 117, 108, 108, 44, 34, 102, 111, 114, 107, 95, 111, 102, 102, 115, 101, 116, 95, 114, 97, 119, 34, 58, 110, 117, 108, 108, 44, 34, 102, 111, 114, 107, 95, 115, 117, 98, 95, 111, 102, 102, 115, 101, 116, 34, 58, 110, 117, 108, 108, 44, 34, 98, 97, 115, 101, 95, 111, 102, 102, 115, 101, 116, 34, 58, 48, 44, 34, 99, 108, 111, 115, 101, 100, 34, 58, 102, 97, 108, 115, 101, 44, 34, 99, 108, 111, 115, 101, 100, 95, 98, 121, 34, 58, 110, 117, 108, 108, 44, 34, 112, 114, 111, 100, 117, 99, 101, 114, 115, 34, 58, 123, 125, 44, 34, 108, 97, 115, 116, 95, 115, 101, 113, 95, 104, 101, 97, 100, 101, 114, 34, 58, 110, 117, 108, 108, 44, 34, 108, 97, 115, 116, 95, 97, 99, 99, 101, 115, 115, 95, 117, 110, 105, 120, 34, 58, 49, 44, 34, 108, 97, 115, 116, 95, 97, 99, 99, 101, 115, 115, 95, 109, 105, 108, 108, 105, 115, 34, 58, 49, 48, 48, 50, 44, 34, 101, 120, 112, 105, 114, 101, 115, 95, 97, 116, 95, 109, 105, 108, 108, 105, 115, 34, 58, 110, 117, 108, 108, 44, 34, 114, 101, 102, 95, 99, 111, 117, 110, 116, 34, 58, 48, 44, 34, 115, 111, 102, 116, 95, 100, 101, 108, 101, 116, 101, 100, 34, 58, 102, 97, 108, 115, 101, 44, 34, 115, 101, 103, 109, 101, 110, 116, 115, 34, 58, 91, 93, 44, 34, 115, 101, 97, 108, 101, 100, 95, 111, 102, 102, 115, 101, 116, 34, 58, 48, 44, 34, 102, 105, 108, 101, 95, 98, 97, 115, 101, 34, 58, 48, 44, 34, 112, 101, 110, 100, 105, 110, 103, 95, 99, 111, 109, 112, 97, 99, 116, 105, 111, 110, 34, 58, 110, 117, 108, 108, 44, 34, 100, 117, 114, 97, 98, 108, 101, 95, 116, 97, 105, 108, 34, 58, 48, 125]

thread 'replication::journal::tests::snapshot_captures_fresh_metadata_without_rewriting_disposable_sidecars' (3551781) panicked at src/replication/journal.rs:1064:17:
assertion `left == right` failed: archive creation must not rewrite disposable sidecars
  left: [123, 34, 105, 100, 34, 58, 48, 44, 34, 112, 97, 116, 104, 34, 58, 34, 47, 102, 114, 101, 115, 104, 34, 44, 34, 99, 111, 110, 116, 101, 110, 116, 95, 116, 121, 112, 101, 34, 58, 34, 97, 112, 112, 108, 105, 99, 97, 116, 105, 111, 110, 47, 111, 99, 116, 101, 116, 45, 115, 116, 114, 101, 97, 109, 34, 44, 34, 116, 116, 108, 95, 115, 101, 99, 111, 110, 100, 115, 34, 58, 49, 44, 34, 101, 120, 112, 105, 114, 101, 115, 95, 97, 116, 95, 117, 110, 105, 120, 34, 58, 110, 117, 108, 108, 44, 34, 101, 120, 112, 105, 114, 101, 115, 95, 97, 116, 95, 114, 97, 119, 34, 58, 110, 117, 108, 108, 44, 34, 99, 114, 101, 97, 116, 101, 95, 99, 108, 111, 115, 101, 100, 34, 58, 102, 97, 108, 115, 101, 44, 34, 102, 111, 114, 107, 101, 100, 95, 102, 114, 111, 109, 34, 58, 110, 117, 108, 108, 44, 34, 102, 111, 114, 107, 95, 111, 102, 102, 115, 101, 116, 95, 114, 97, 119, 34, 58, 110, 117, 108, 108, 44, 34, 102, 111, 114, 107, 95, 115, 117, 98, 95, 111, 102, 102, 115, 101, 116, 34, 58, 110, 117, 108, 108, 44, 34, 98, 97, 115, 101, 95, 111, 102, 102, 115, 101, 116, 34, 58, 48, 44, 34, 99, 108, 111, 115, 101, 100, 34, 58, 102, 97, 108, 115, 101, 44, 34, 99, 108, 111, 115, 101, 100, 95, 98, 121, 34, 58, 110, 117, 108, 108, 44, 34, 112, 114, 111, 100, 117, 99, 101, 114, 115, 34, 58, 123, 34, 115, 110, 97, 112, 115, 104, 111, 116, 45, 112, 34, 58, 123, 34, 101, 112, 111, 99, 104, 34, 58, 55, 44, 34, 108, 97, 115, 116, 95, 115, 101, 113, 34, 58, 49, 125, 125, 44, 34, 108, 97, 115, 116, 95, 115, 101, 113, 95, 104, 101, 97, 100, 101, 114, 34, 58, 110, 117, 108, 108, 44, 34, 108, 97, 115, 116, 95, 97, 99, 99, 101, 115, 115, 95, 117, 110, 105, 120, 34, 58, 49, 44, 34, 108, 97, 115, 116, 95, 97, 99, 99, 101, 115, 115, 95, 109, 105, 108, 108, 105, 115, 34, 58, 49, 48, 50, 49, 44, 34, 101, 120, 112, 105, 114, 101, 115, 95, 97, 116, 95, 109, 105, 108, 108, 105, 115, 34, 58, 110, 117, 108, 108, 44, 34, 114, 101, 102, 95, 99, 111, 117, 110, 116, 34, 58, 48, 44, 34, 115, 111, 102, 116, 95, 100, 101, 108, 101, 116, 101, 100, 34, 58, 102, 97, 108, 115, 101, 44, 34, 115, 101, 103, 109, 101, 110, 116, 115, 34, 58, 91, 93, 44, 34, 115, 101, 97, 108, 101, 100, 95, 111, 102, 102, 115, 101, 116, 34, 58, 48, 44, 34, 102, 105, 108, 101, 95, 98, 97, 115, 101, 34, 58, 48, 44, 34, 112, 101, 110, 100, 105, 110, 103, 95, 99, 111, 109, 112, 97, 99, 116, 105, 111, 110, 34, 58, 110, 117, 108, 108, 44, 34, 100, 117, 114, 97, 98, 108, 101, 95, 116, 97, 105, 108, 34, 58, 52, 125]
 right: [123, 34, 105, 100, 34, 58, 48, 44, 34, 112, 97, 116, 104, 34, 58, 34, 47, 102, 114, 101, 115, 104, 34, 44, 34, 99, 111, 110, 116, 101, 110, 116, 95, 116, 121, 112, 101, 34, 58, 34, 97, 112, 112, 108, 105, 99, 97, 116, 105, 111, 110, 47, 111, 99, 116, 101, 116, 45, 115, 116, 114, 101, 97, 109, 34, 44, 34, 116, 116, 108, 95, 115, 101, 99, 111, 110, 100, 115, 34, 58, 49, 44, 34, 101, 120, 112, 105, 114, 101, 115, 95, 97, 116, 95, 117, 110, 105, 120, 34, 58, 110, 117, 108, 108, 44, 34, 101, 120, 112, 105, 114, 101, 115, 95, 97, 116, 95, 114, 97, 119, 34, 58, 110, 117, 108, 108, 44, 34, 99, 114, 101, 97, 116, 101, 95, 99, 108, 111, 115, 101, 100, 34, 58, 102, 97, 108, 115, 101, 44, 34, 102, 111, 114, 107, 101, 100, 95, 102, 114, 111, 109, 34, 58, 110, 117, 108, 108, 44, 34, 102, 111, 114, 107, 95, 111, 102, 102, 115, 101, 116, 95, 114, 97, 119, 34, 58, 110, 117, 108, 108, 44, 34, 102, 111, 114, 107, 95, 115, 117, 98, 95, 111, 102, 102, 115, 101, 116, 34, 58, 110, 117, 108, 108, 44, 34, 98, 97, 115, 101, 95, 111, 102, 102, 115, 101, 116, 34, 58, 48, 44, 34, 99, 108, 111, 115, 101, 100, 34, 58, 102, 97, 108, 115, 101, 44, 34, 99, 108, 111, 115, 101, 100, 95, 98, 121, 34, 58, 110, 117, 108, 108, 44, 34, 112, 114, 111, 100, 117, 99, 101, 114, 115, 34, 58, 123, 125, 44, 34, 108, 97, 115, 116, 95, 115, 101, 113, 95, 104, 101, 97, 100, 101, 114, 34, 58, 110, 117, 108, 108, 44, 34, 108, 97, 115, 116, 95, 97, 99, 99, 101, 115, 115, 95, 117, 110, 105, 120, 34, 58, 49, 44, 34, 108, 97, 115, 116, 95, 97, 99, 99, 101, 115, 115, 95, 109, 105, 108, 108, 105, 115, 34, 58, 49, 48, 48, 49, 44, 34, 101, 120, 112, 105, 114, 101, 115, 95, 97, 116, 95, 109, 105, 108, 108, 105, 115, 34, 58, 110, 117, 108, 108, 44, 34, 114, 101, 102, 95, 99, 111, 117, 110, 116, 34, 58, 48, 44, 34, 115, 111, 102, 116, 95, 100, 101, 108, 101, 116, 101, 100, 34, 58, 102, 97, 108, 115, 101, 44, 34, 115, 101, 103, 109, 101, 110, 116, 115, 34, 58, 91, 93, 44, 34, 115, 101, 97, 108, 101, 100, 95, 111, 102, 102, 115, 101, 116, 34, 58, 48, 44, 34, 102, 105, 108, 101, 95, 98, 97, 115, 101, 34, 58, 48, 44, 34, 112, 101, 110, 100, 105, 110, 103, 95, 99, 111, 109, 112, 97, 99, 116, 105, 111, 110, 34, 58, 110, 117, 108, 108, 44, 34, 100, 117, 114, 97, 98, 108, 101, 95, 116, 97, 105, 108, 34, 58, 48, 125]

thread 'replication::journal::tests::snapshot_captures_fresh_metadata_without_rewriting_disposable_sidecars' (3551781) panicked at src/replication/journal.rs:504:5:
Test failed: assertion `left == right` failed: archive creation must not rewrite disposable sidecars
  left: [123, 34, 105, 100, 34, 58, 48, 44, 34, 112, 97, 116, 104, 34, 58, 34, 47, 102, 114, 101, 115, 104, 34, 44, 34, 99, 111, 110, 116, 101, 110, 116, 95, 116, 121, 112, 101, 34, 58, 34, 97, 112, 112, 108, 105, 99, 97, 116, 105, 111, 110, 47, 111, 99, 116, 101, 116, 45, 115, 116, 114, 101, 97, 109, 34, 44, 34, 116, 116, 108, 95, 115, 101, 99, 111, 110, 100, 115, 34, 58, 49, 44, 34, 101, 120, 112, 105, 114, 101, 115, 95, 97, 116, 95, 117, 110, 105, 120, 34, 58, 110, 117, 108, 108, 44, 34, 101, 120, 112, 105, 114, 101, 115, 95, 97, 116, 95, 114, 97, 119, 34, 58, 110, 117, 108, 108, 44, 34, 99, 114, 101, 97, 116, 101, 95, 99, 108, 111, 115, 101, 100, 34, 58, 102, 97, 108, 115, 101, 44, 34, 102, 111, 114, 107, 101, 100, 95, 102, 114, 111, 109, 34, 58, 110, 117, 108, 108, 44, 34, 102, 111, 114, 107, 95, 111, 102, 102, 115, 101, 116, 95, 114, 97, 119, 34, 58, 110, 117, 108, 108, 44, 34, 102, 111, 114, 107, 95, 115, 117, 98, 95, 111, 102, 102, 115, 101, 116, 34, 58, 110, 117, 108, 108, 44, 34, 98, 97, 115, 101, 95, 111, 102, 102, 115, 101, 116, 34, 58, 48, 44, 34, 99, 108, 111, 115, 101, 100, 34, 58, 102, 97, 108, 115, 101, 44, 34, 99, 108, 111, 115, 101, 100, 95, 98, 121, 34, 58, 110, 117, 108, 108, 44, 34, 112, 114, 111, 100, 117, 99, 101, 114, 115, 34, 58, 123, 34, 115, 110, 97, 112, 115, 104, 111, 116, 45, 112, 34, 58, 123, 34, 101, 112, 111, 99, 104, 34, 58, 55, 44, 34, 108, 97, 115, 116, 95, 115, 101, 113, 34, 58, 49, 125, 125, 44, 34, 108, 97, 115, 116, 95, 115, 101, 113, 95, 104, 101, 97, 100, 101, 114, 34, 58, 110, 117, 108, 108, 44, 34, 108, 97, 115, 116, 95, 97, 99, 99, 101, 115, 115, 95, 117, 110, 105, 120, 34, 58, 49, 44, 34, 108, 97, 115, 116, 95, 97, 99, 99, 101, 115, 115, 95, 109, 105, 108, 108, 105, 115, 34, 58, 49, 48, 50, 49, 44, 34, 101, 120, 112, 105, 114, 101, 115, 95, 97, 116, 95, 109, 105, 108, 108, 105, 115, 34, 58, 110, 117, 108, 108, 44, 34, 114, 101, 102, 95, 99, 111, 117, 110, 116, 34, 58, 48, 44, 34, 115, 111, 102, 116, 95, 100, 101, 108, 101, 116, 101, 100, 34, 58, 102, 97, 108, 115, 101, 44, 34, 115, 101, 103, 109, 101, 110, 116, 115, 34, 58, 91, 93, 44, 34, 115, 101, 97, 108, 101, 100, 95, 111, 102, 102, 115, 101, 116, 34, 58, 48, 44, 34, 102, 105, 108, 101, 95, 98, 97, 115, 101, 34, 58, 48, 44, 34, 112, 101, 110, 100, 105, 110, 103, 95, 99, 111, 109, 112, 97, 99, 116, 105, 111, 110, 34, 58, 110, 117, 108, 108, 44, 34, 100, 117, 114, 97, 98, 108, 101, 95, 116, 97, 105, 108, 34, 58, 52, 125]
 right: [123, 34, 105, 100, 34, 58, 48, 44, 34, 112, 97, 116, 104, 34, 58, 34, 47, 102, 114, 101, 115, 104, 34, 44, 34, 99, 111, 110, 116, 101, 110, 116, 95, 116, 121, 112, 101, 34, 58, 34, 97, 112, 112, 108, 105, 99, 97, 116, 105, 111, 110, 47, 111, 99, 116, 101, 116, 45, 115, 116, 114, 101, 97, 109, 34, 44, 34, 116, 116, 108, 95, 115, 101, 99, 111, 110, 100, 115, 34, 58, 49, 44, 34, 101, 120, 112, 105, 114, 101, 115, 95, 97, 116, 95, 117, 110, 105, 120, 34, 58, 110, 117, 108, 108, 44, 34, 101, 120, 112, 105, 114, 101, 115, 95, 97, 116, 95, 114, 97, 119, 34, 58, 110, 117, 108, 108, 44, 34, 99, 114, 101, 97, 116, 101, 95, 99, 108, 111, 115, 101, 100, 34, 58, 102, 97, 108, 115, 101, 44, 34, 102, 111, 114, 107, 101, 100, 95, 102, 114, 111, 109, 34, 58, 110, 117, 108, 108, 44, 34, 102, 111, 114, 107, 95, 111, 102, 102, 115, 101, 116, 95, 114, 97, 119, 34, 58, 110, 117, 108, 108, 44, 34, 102, 111, 114, 107, 95, 115, 117, 98, 95, 111, 102, 102, 115, 101, 116, 34, 58, 110, 117, 108, 108, 44, 34, 98, 97, 115, 101, 95, 111, 102, 102, 115, 101, 116, 34, 58, 48, 44, 34, 99, 108, 111, 115, 101, 100, 34, 58, 102, 97, 108, 115, 101, 44, 34, 99, 108, 111, 115, 101, 100, 95, 98, 121, 34, 58, 110, 117, 108, 108, 44, 34, 112, 114, 111, 100, 117, 99, 101, 114, 115, 34, 58, 123, 125, 44, 34, 108, 97, 115, 116, 95, 115, 101, 113, 95, 104, 101, 97, 100, 101, 114, 34, 58, 110, 117, 108, 108, 44, 34, 108, 97, 115, 116, 95, 97, 99, 99, 101, 115, 115, 95, 117, 110, 105, 120, 34, 58, 49, 44, 34, 108, 97, 115, 116, 95, 97, 99, 99, 101, 115, 115, 95, 109, 105, 108, 108, 105, 115, 34, 58, 49, 48, 48, 49, 44, 34, 101, 120, 112, 105, 114, 101, 115, 95, 97, 116, 95, 109, 105, 108, 108, 105, 115, 34, 58, 110, 117, 108, 108, 44, 34, 114, 101, 102, 95, 99, 111, 117, 110, 116, 34, 58, 48, 44, 34, 115, 111, 102, 116, 95, 100, 101, 108, 101, 116, 101, 100, 34, 58, 102, 97, 108, 115, 101, 44, 34, 115, 101, 103, 109, 101, 110, 116, 115, 34, 58, 91, 93, 44, 34, 115, 101, 97, 108, 101, 100, 95, 111, 102, 102, 115, 101, 116, 34, 58, 48, 44, 34, 102, 105, 108, 101, 95, 98, 97, 115, 101, 34, 58, 48, 44, 34, 112, 101, 110, 100, 105, 110, 103, 95, 99, 111, 109, 112, 97, 99, 116, 105, 111, 110, 34, 58, 110, 117, 108, 108, 44, 34, 100, 117, 114, 97, 98, 108, 101, 95, 116, 97, 105, 108, 34, 58, 48, 125].
minimal failing input: chunks = [
    [
        0,
    ],
    [
        0,
    ],
], time = 1001
	successes: 0
	local rejects: 0
	global rejects: 0



failures:
    replication::journal::tests::snapshot_captures_fresh_metadata_without_rewriting_disposable_sidecars

test result: FAILED. 0 passed; 1 failed; 0 ignored; 0 measured; 142 filtered out; finished in 0.55s

error: test failed, to rerun pass `--bin durable-streams-server`
